--------------------------------------------------------
--  File created - hétfő-május-10-2021   
--------------------------------------------------------
DROP SEQUENCE "ADATB"."HIBERNATE_SEQUENCE";
DROP TABLE "ADATB"."ERTEKELES" cascade constraints;
DROP TABLE "ADATB"."FELHASZNALO" cascade constraints;
DROP TABLE "ADATB"."KATEGORIA" cascade constraints;
DROP TABLE "ADATB"."KEP" cascade constraints;
DROP TABLE "ADATB"."MEGTEKINTETTKEPEK" cascade constraints;
DROP TABLE "ADATB"."MEGYE" cascade constraints;
DROP TABLE "ADATB"."ORSZAG" cascade constraints;
DROP TABLE "ADATB"."REPORT" cascade constraints;
DROP TABLE "ADATB"."VAROS" cascade constraints;
DROP TABLE "ADATB"."VELEMENY" cascade constraints;
DROP PROCEDURE "ADATB"."UJ_FELHASZNALO";
DROP PROCEDURE "ADATB"."UJ_KATEGORIA";
DROP PROCEDURE "ADATB"."UJ_REPORT";
--------------------------------------------------------
--  DDL for Sequence HIBERNATE_SEQUENCE
--------------------------------------------------------

   CREATE SEQUENCE  "ADATB"."HIBERNATE_SEQUENCE"  MINVALUE 1 MAXVALUE 9999999999999999999999999999 INCREMENT BY 1 START WITH 401 CACHE 20 NOORDER  NOCYCLE   ;
--------------------------------------------------------
--  DDL for Table ERTEKELES
--------------------------------------------------------

  CREATE TABLE "ADATB"."ERTEKELES" 
   (	"ID" NUMBER(19,0), 
	"ERTEKELES" NUMBER(*,0) DEFAULT 0, 
	"FELHASZNALOID" NUMBER(19,0), 
	"KEPID" NUMBER(19,0)
   ) SEGMENT CREATION IMMEDIATE 
  PCTFREE 10 PCTUSED 40 INITRANS 1 MAXTRANS 255 
 NOCOMPRESS LOGGING
  STORAGE(INITIAL 65536 NEXT 1048576 MINEXTENTS 1 MAXEXTENTS 2147483645
  PCTINCREASE 0 FREELISTS 1 FREELIST GROUPS 1
  BUFFER_POOL DEFAULT FLASH_CACHE DEFAULT CELL_FLASH_CACHE DEFAULT)
  TABLESPACE "USERS" ;
--------------------------------------------------------
--  DDL for Table FELHASZNALO
--------------------------------------------------------

  CREATE TABLE "ADATB"."FELHASZNALO" 
   (	"ID" NUMBER(19,0), 
	"EMAIL" VARCHAR2(255 CHAR), 
	"FELHASZNALO_NEV" VARCHAR2(255 CHAR), 
	"JELSZO" VARCHAR2(255 CHAR), 
	"JOGOSULTSAG" VARCHAR2(255 CHAR), 
	"KERESZT_NEV" VARCHAR2(255 CHAR), 
	"TELEFONSZAM" VARCHAR2(255 CHAR), 
	"VEZETEK_NEV" VARCHAR2(255 CHAR), 
	"VAROS_ID" NUMBER(19,0)
   ) SEGMENT CREATION IMMEDIATE 
  PCTFREE 10 PCTUSED 40 INITRANS 1 MAXTRANS 255 
 NOCOMPRESS LOGGING
  STORAGE(INITIAL 65536 NEXT 1048576 MINEXTENTS 1 MAXEXTENTS 2147483645
  PCTINCREASE 0 FREELISTS 1 FREELIST GROUPS 1
  BUFFER_POOL DEFAULT FLASH_CACHE DEFAULT CELL_FLASH_CACHE DEFAULT)
  TABLESPACE "USERS" ;
--------------------------------------------------------
--  DDL for Table KATEGORIA
--------------------------------------------------------

  CREATE TABLE "ADATB"."KATEGORIA" 
   (	"ID" NUMBER(19,0), 
	"LEIRAS" VARCHAR2(255 CHAR), 
	"MEGNEVEZES" VARCHAR2(255 CHAR)
   ) SEGMENT CREATION IMMEDIATE 
  PCTFREE 10 PCTUSED 40 INITRANS 1 MAXTRANS 255 
 NOCOMPRESS LOGGING
  STORAGE(INITIAL 65536 NEXT 1048576 MINEXTENTS 1 MAXEXTENTS 2147483645
  PCTINCREASE 0 FREELISTS 1 FREELIST GROUPS 1
  BUFFER_POOL DEFAULT FLASH_CACHE DEFAULT CELL_FLASH_CACHE DEFAULT)
  TABLESPACE "USERS" ;
--------------------------------------------------------
--  DDL for Table KEP
--------------------------------------------------------

  CREATE TABLE "ADATB"."KEP" 
   (	"ID" NUMBER(19,0), 
	"FILE_NAME" VARCHAR2(255 CHAR), 
	"LEIRAS" VARCHAR2(255 CHAR), 
	"PATHS" VARCHAR2(255 CHAR), 
	"FELHASZNALOID" NUMBER(19,0), 
	"KATEGORIAID" NUMBER(19,0), 
	"VAROS_ID" NUMBER(19,0)
   ) SEGMENT CREATION IMMEDIATE 
  PCTFREE 10 PCTUSED 40 INITRANS 1 MAXTRANS 255 
 NOCOMPRESS LOGGING
  STORAGE(INITIAL 65536 NEXT 1048576 MINEXTENTS 1 MAXEXTENTS 2147483645
  PCTINCREASE 0 FREELISTS 1 FREELIST GROUPS 1
  BUFFER_POOL DEFAULT FLASH_CACHE DEFAULT CELL_FLASH_CACHE DEFAULT)
  TABLESPACE "USERS" ;
--------------------------------------------------------
--  DDL for Table MEGTEKINTETTKEPEK
--------------------------------------------------------

  CREATE TABLE "ADATB"."MEGTEKINTETTKEPEK" 
   (	"ID" NUMBER(19,0), 
	"FELHASZNALOID" NUMBER(19,0), 
	"KEPID" NUMBER(19,0)
   ) SEGMENT CREATION IMMEDIATE 
  PCTFREE 10 PCTUSED 40 INITRANS 1 MAXTRANS 255 
 NOCOMPRESS LOGGING
  STORAGE(INITIAL 65536 NEXT 1048576 MINEXTENTS 1 MAXEXTENTS 2147483645
  PCTINCREASE 0 FREELISTS 1 FREELIST GROUPS 1
  BUFFER_POOL DEFAULT FLASH_CACHE DEFAULT CELL_FLASH_CACHE DEFAULT)
  TABLESPACE "USERS" ;
--------------------------------------------------------
--  DDL for Table MEGYE
--------------------------------------------------------

  CREATE TABLE "ADATB"."MEGYE" 
   (	"ID" NUMBER(19,0), 
	"MEGNEVEZES" VARCHAR2(255 CHAR), 
	"ORSZAGID" NUMBER(19,0)
   ) SEGMENT CREATION IMMEDIATE 
  PCTFREE 10 PCTUSED 40 INITRANS 1 MAXTRANS 255 
 NOCOMPRESS LOGGING
  STORAGE(INITIAL 65536 NEXT 1048576 MINEXTENTS 1 MAXEXTENTS 2147483645
  PCTINCREASE 0 FREELISTS 1 FREELIST GROUPS 1
  BUFFER_POOL DEFAULT FLASH_CACHE DEFAULT CELL_FLASH_CACHE DEFAULT)
  TABLESPACE "USERS" ;
--------------------------------------------------------
--  DDL for Table ORSZAG
--------------------------------------------------------

  CREATE TABLE "ADATB"."ORSZAG" 
   (	"ID" NUMBER(19,0), 
	"MEGNEVEZES" VARCHAR2(255 CHAR)
   ) SEGMENT CREATION IMMEDIATE 
  PCTFREE 10 PCTUSED 40 INITRANS 1 MAXTRANS 255 
 NOCOMPRESS LOGGING
  STORAGE(INITIAL 65536 NEXT 1048576 MINEXTENTS 1 MAXEXTENTS 2147483645
  PCTINCREASE 0 FREELISTS 1 FREELIST GROUPS 1
  BUFFER_POOL DEFAULT FLASH_CACHE DEFAULT CELL_FLASH_CACHE DEFAULT)
  TABLESPACE "USERS" ;
--------------------------------------------------------
--  DDL for Table REPORT
--------------------------------------------------------

  CREATE TABLE "ADATB"."REPORT" 
   (	"ID" NUMBER(19,0), 
	"INDOK" VARCHAR2(255 CHAR), 
	"OK" VARCHAR2(255 CHAR), 
	"FELHASZNALO_ID" NUMBER(19,0), 
	"KEP_ID" NUMBER(19,0)
   ) SEGMENT CREATION IMMEDIATE 
  PCTFREE 10 PCTUSED 40 INITRANS 1 MAXTRANS 255 
 NOCOMPRESS LOGGING
  STORAGE(INITIAL 65536 NEXT 1048576 MINEXTENTS 1 MAXEXTENTS 2147483645
  PCTINCREASE 0 FREELISTS 1 FREELIST GROUPS 1
  BUFFER_POOL DEFAULT FLASH_CACHE DEFAULT CELL_FLASH_CACHE DEFAULT)
  TABLESPACE "USERS" ;
--------------------------------------------------------
--  DDL for Table VAROS
--------------------------------------------------------

  CREATE TABLE "ADATB"."VAROS" 
   (	"ID" NUMBER(19,0), 
	"MEGNEVEZES" VARCHAR2(255 CHAR), 
	"MEGYEID" NUMBER(19,0)
   ) SEGMENT CREATION IMMEDIATE 
  PCTFREE 10 PCTUSED 40 INITRANS 1 MAXTRANS 255 
 NOCOMPRESS LOGGING
  STORAGE(INITIAL 65536 NEXT 1048576 MINEXTENTS 1 MAXEXTENTS 2147483645
  PCTINCREASE 0 FREELISTS 1 FREELIST GROUPS 1
  BUFFER_POOL DEFAULT FLASH_CACHE DEFAULT CELL_FLASH_CACHE DEFAULT)
  TABLESPACE "USERS" ;
--------------------------------------------------------
--  DDL for Table VELEMENY
--------------------------------------------------------

  CREATE TABLE "ADATB"."VELEMENY" 
   (	"ID" NUMBER(19,0), 
	"DATUM" VARCHAR2(255 CHAR), 
	"HOZZASZOLAS_SZOVEG" VARCHAR2(255 CHAR), 
	"FELHASZNALOID" NUMBER(19,0), 
	"KEPID" NUMBER(19,0), 
	"VELEMENY_PARENT" NUMBER(19,0)
   ) SEGMENT CREATION IMMEDIATE 
  PCTFREE 10 PCTUSED 40 INITRANS 1 MAXTRANS 255 
 NOCOMPRESS LOGGING
  STORAGE(INITIAL 65536 NEXT 1048576 MINEXTENTS 1 MAXEXTENTS 2147483645
  PCTINCREASE 0 FREELISTS 1 FREELIST GROUPS 1
  BUFFER_POOL DEFAULT FLASH_CACHE DEFAULT CELL_FLASH_CACHE DEFAULT)
  TABLESPACE "USERS" ;
REM INSERTING into ADATB.ERTEKELES
SET DEFINE OFF;
Insert into ADATB.ERTEKELES (ID,ERTEKELES,FELHASZNALOID,KEPID) values ('74','2','16','64');
Insert into ADATB.ERTEKELES (ID,ERTEKELES,FELHASZNALOID,KEPID) values ('117','3','112','71');
Insert into ADATB.ERTEKELES (ID,ERTEKELES,FELHASZNALOID,KEPID) values ('148','5','112','60');
Insert into ADATB.ERTEKELES (ID,ERTEKELES,FELHASZNALOID,KEPID) values ('156','2','112','52');
Insert into ADATB.ERTEKELES (ID,ERTEKELES,FELHASZNALOID,KEPID) values ('164','5','112','56');
Insert into ADATB.ERTEKELES (ID,ERTEKELES,FELHASZNALOID,KEPID) values ('191','3','27','188');
Insert into ADATB.ERTEKELES (ID,ERTEKELES,FELHASZNALOID,KEPID) values ('200','5','27','184');
Insert into ADATB.ERTEKELES (ID,ERTEKELES,FELHASZNALOID,KEPID) values ('205','1','27','180');
Insert into ADATB.ERTEKELES (ID,ERTEKELES,FELHASZNALOID,KEPID) values ('221','5','27','170');
Insert into ADATB.ERTEKELES (ID,ERTEKELES,FELHASZNALOID,KEPID) values ('227','4','27','71');
Insert into ADATB.ERTEKELES (ID,ERTEKELES,FELHASZNALOID,KEPID) values ('241','4','27','70');
Insert into ADATB.ERTEKELES (ID,ERTEKELES,FELHASZNALOID,KEPID) values ('246','5','27','52');
Insert into ADATB.ERTEKELES (ID,ERTEKELES,FELHASZNALOID,KEPID) values ('278','4','30','255');
Insert into ADATB.ERTEKELES (ID,ERTEKELES,FELHASZNALOID,KEPID) values ('294','5','30','188');
Insert into ADATB.ERTEKELES (ID,ERTEKELES,FELHASZNALOID,KEPID) values ('304','5','30','184');
Insert into ADATB.ERTEKELES (ID,ERTEKELES,FELHASZNALOID,KEPID) values ('309','3','30','291');
Insert into ADATB.ERTEKELES (ID,ERTEKELES,FELHASZNALOID,KEPID) values ('312','1','34','289');
Insert into ADATB.ERTEKELES (ID,ERTEKELES,FELHASZNALOID,KEPID) values ('359','2','23','342');
Insert into ADATB.ERTEKELES (ID,ERTEKELES,FELHASZNALOID,KEPID) values ('369','3','23','324');
Insert into ADATB.ERTEKELES (ID,ERTEKELES,FELHASZNALOID,KEPID) values ('374','3','23','320');
Insert into ADATB.ERTEKELES (ID,ERTEKELES,FELHASZNALOID,KEPID) values ('388','3','23','174');
Insert into ADATB.ERTEKELES (ID,ERTEKELES,FELHASZNALOID,KEPID) values ('216','2','27','174');
Insert into ADATB.ERTEKELES (ID,ERTEKELES,FELHASZNALOID,KEPID) values ('273','1','30','256');
Insert into ADATB.ERTEKELES (ID,ERTEKELES,FELHASZNALOID,KEPID) values ('137','4','112','63');
Insert into ADATB.ERTEKELES (ID,ERTEKELES,FELHASZNALOID,KEPID) values ('208','5','27','176');
Insert into ADATB.ERTEKELES (ID,ERTEKELES,FELHASZNALOID,KEPID) values ('263','4','30','260');
Insert into ADATB.ERTEKELES (ID,ERTEKELES,FELHASZNALOID,KEPID) values ('268','5','30','257');
Insert into ADATB.ERTEKELES (ID,ERTEKELES,FELHASZNALOID,KEPID) values ('348','5','44','291');
Insert into ADATB.ERTEKELES (ID,ERTEKELES,FELHASZNALOID,KEPID) values ('377','4','23','316');
Insert into ADATB.ERTEKELES (ID,ERTEKELES,FELHASZNALOID,KEPID) values ('391','2','23','64');
Insert into ADATB.ERTEKELES (ID,ERTEKELES,FELHASZNALOID,KEPID) values ('93','4','16','60');
Insert into ADATB.ERTEKELES (ID,ERTEKELES,FELHASZNALOID,KEPID) values ('120','5','112','70');
Insert into ADATB.ERTEKELES (ID,ERTEKELES,FELHASZNALOID,KEPID) values ('131','4','112','66');
Insert into ADATB.ERTEKELES (ID,ERTEKELES,FELHASZNALOID,KEPID) values ('327','5','38','318');
Insert into ADATB.ERTEKELES (ID,ERTEKELES,FELHASZNALOID,KEPID) values ('337','2','38','291');
Insert into ADATB.ERTEKELES (ID,ERTEKELES,FELHASZNALOID,KEPID) values ('382','3','23','318');
Insert into ADATB.ERTEKELES (ID,ERTEKELES,FELHASZNALOID,KEPID) values ('87','5','16','63');
Insert into ADATB.ERTEKELES (ID,ERTEKELES,FELHASZNALOID,KEPID) values ('100','4','16','56');
Insert into ADATB.ERTEKELES (ID,ERTEKELES,FELHASZNALOID,KEPID) values ('109','5','16','52');
Insert into ADATB.ERTEKELES (ID,ERTEKELES,FELHASZNALOID,KEPID) values ('364','5','23','332');
Insert into ADATB.ERTEKELES (ID,ERTEKELES,FELHASZNALOID,KEPID) values ('394','4','23','71');
REM INSERTING into ADATB.FELHASZNALO
SET DEFINE OFF;
Insert into ADATB.FELHASZNALO (ID,EMAIL,FELHASZNALO_NEV,JELSZO,JOGOSULTSAG,KERESZT_NEV,TELEFONSZAM,VEZETEK_NEV,VAROS_ID) values ('16','mangalica@gmail.com','töfike26','$2a$10$QTix47ujEnW347T2KrYmROrNjW/lFY30hkGQ8y.kO641dVuYBUc1G','ROLE_USER','Ica','06213155222','Mangal','17');
Insert into ADATB.FELHASZNALO (ID,EMAIL,FELHASZNALO_NEV,JELSZO,JOGOSULTSAG,KERESZT_NEV,TELEFONSZAM,VEZETEK_NEV,VAROS_ID) values ('6','admin@a.hu','ADMINFELHASZNALO','$2a$10$ZQ/wb2hRuOt8bdBVb/SJnuxeLFxgNdyLiwpfZC.x9CYyHXc1dZso.','ROLE_ADMIN','admin','063023423423','admin','321');
Insert into ADATB.FELHASZNALO (ID,EMAIL,FELHASZNALO_NEV,JELSZO,JOGOSULTSAG,KERESZT_NEV,TELEFONSZAM,VEZETEK_NEV,VAROS_ID) values ('23','kimir@yahoo.com','kimitun','$2a$10$MjjaAUgAqCza2FW5oREImuJA3EmKrIw.FHU8rQKgwCgcAmrNDPg3i','ROLE_USER','Kimir','0620453222','Sean','20');
Insert into ADATB.FELHASZNALO (ID,EMAIL,FELHASZNALO_NEV,JELSZO,JOGOSULTSAG,KERESZT_NEV,TELEFONSZAM,VEZETEK_NEV,VAROS_ID) values ('27','bacilus65@citromail.com','bacica','$2a$10$SA1bmW.M3InBv6jJSZO0duLCd.8mytfLaQmSx6lFKEBzUH1RRh8xy','ROLE_USER','Ilus','06213131344','Bac','24');
Insert into ADATB.FELHASZNALO (ID,EMAIL,FELHASZNALO_NEV,JELSZO,JOGOSULTSAG,KERESZT_NEV,TELEFONSZAM,VEZETEK_NEV,VAROS_ID) values ('30','gitaron@gmail.hu','gituser45643','$2a$10$IsT2BtArm6NZDl31pCPo1.WfUWcD85Qb9kt6jEb/1mLLe5PctVVvq','ROLE_USER','Áron','01234142111','Git','28');
Insert into ADATB.FELHASZNALO (ID,EMAIL,FELHASZNALO_NEV,JELSZO,JOGOSULTSAG,KERESZT_NEV,TELEFONSZAM,VEZETEK_NEV,VAROS_ID) values ('34','james@yahoo.uk','james68','$2a$10$EI2ipT4K4./Gi/dXkGHOfuacd2cr1fiB8HCW5GWs80C9WXLRBjZu.','ROLE_USER','Bond','01233432111','James','31');
Insert into ADATB.FELHASZNALO (ID,EMAIL,FELHASZNALO_NEV,JELSZO,JOGOSULTSAG,KERESZT_NEV,TELEFONSZAM,VEZETEK_NEV,VAROS_ID) values ('38','feles33@gmail.ro','elekmelek','$2a$10$xa.wM9dzOhCz2KC4HL.8BO0yXf32K46YL/VTLIGVM5ZlqGFiCF3My','ROLE_USER','Elek','06203456432','Feles','35');
Insert into ADATB.FELHASZNALO (ID,EMAIL,FELHASZNALO_NEV,JELSZO,JOGOSULTSAG,KERESZT_NEV,TELEFONSZAM,VEZETEK_NEV,VAROS_ID) values ('41','trab@gmail.hu','trabika55','$2a$10$RfBid/aw0xXzg7L2WDZ.KeSVARQkTSdqj8YNNHhLedCokwro5QAzu','ROLE_USER','Antal','0620443222','Trab','39');
Insert into ADATB.FELHASZNALO (ID,EMAIL,FELHASZNALO_NEV,JELSZO,JOGOSULTSAG,KERESZT_NEV,TELEFONSZAM,VEZETEK_NEV,VAROS_ID) values ('44','dilemma@freemail.hu','dilem44','$2a$10$0lziLPWlubjFJ7Ox6dwAbO8VtTGxd4ttHwk6taZ.YBlkmUcoJlGxC','ROLE_USER','Emma','06324242421','Dil','42');
Insert into ADATB.FELHASZNALO (ID,EMAIL,FELHASZNALO_NEV,JELSZO,JOGOSULTSAG,KERESZT_NEV,TELEFONSZAM,VEZETEK_NEV,VAROS_ID) values ('48','herman@dragonforce.de','dragonforce55','$2a$10$YwtE5U6/.mhyxLuOH6dZCeDYcaHIgcI0mkqLLYgdQPhvLsjiKPvj.','ROLE_USER','Lee','012234342421','Herman','45');
Insert into ADATB.FELHASZNALO (ID,EMAIL,FELHASZNALO_NEV,JELSZO,JOGOSULTSAG,KERESZT_NEV,TELEFONSZAM,VEZETEK_NEV,VAROS_ID) values ('112','dan@a.hu','dan','$2a$10$SEXXnd1STJy/GLx1NRfUCOvh4OWnLu3N9abSOfA6JFG/CHrEArFxG','ROLE_USER','Aladár','05623424','Dénes','110');
REM INSERTING into ADATB.KATEGORIA
SET DEFINE OFF;
Insert into ADATB.KATEGORIA (ID,LEIRAS,MEGNEVEZES) values ('1','Temészet fotók','TERMESZET_FOTOK');
Insert into ADATB.KATEGORIA (ID,LEIRAS,MEGNEVEZES) values ('2','Épület fotók','EPULET_FOTOK');
Insert into ADATB.KATEGORIA (ID,LEIRAS,MEGNEVEZES) values ('3','Autó fotók','AUTO_FOTOK');
Insert into ADATB.KATEGORIA (ID,LEIRAS,MEGNEVEZES) values ('4','Divat fotók','DIVAT_FOTOK');
Insert into ADATB.KATEGORIA (ID,LEIRAS,MEGNEVEZES) values ('0','Ismeretlen','EGYÉB');
REM INSERTING into ADATB.KEP
SET DEFINE OFF;
Insert into ADATB.KEP (ID,FILE_NAME,LEIRAS,PATHS,FELHASZNALOID,KATEGORIAID,VAROS_ID) values ('52','1zd53O5t1gs.jpg','Csodás róka a fák között! ','src/main/resources/kepek/52','48','1','49');
Insert into ADATB.KEP (ID,FILE_NAME,LEIRAS,PATHS,FELHASZNALOID,KATEGORIAID,VAROS_ID) values ('56','0AK-gosio7A.jpg','Szép tengerpart! Elképesztő öböllel!','src/main/resources/kepek/56','48','1','53');
Insert into ADATB.KEP (ID,FILE_NAME,LEIRAS,PATHS,FELHASZNALOID,KATEGORIAID,VAROS_ID) values ('60','1e981IsHCa0.jpg','Felhőkarcolók a láthatáron...','src/main/resources/kepek/60','48','2','57');
Insert into ADATB.KEP (ID,FILE_NAME,LEIRAS,PATHS,FELHASZNALOID,KATEGORIAID,VAROS_ID) values ('64','2KsGOWLvr3o.jpg','Meghitt pihenés az apartmanban.','src/main/resources/kepek/64','48','0','61');
Insert into ADATB.KEP (ID,FILE_NAME,LEIRAS,PATHS,FELHASZNALOID,KATEGORIAID,VAROS_ID) values ('71','6MJJHDfJQew.jpg','Apa megvette nekem a Teslát <3 ','src/main/resources/kepek/71','16','3','65');
Insert into ADATB.KEP (ID,FILE_NAME,LEIRAS,PATHS,FELHASZNALOID,KATEGORIAID,VAROS_ID) values ('174','9UiLvaIbG3g.jpg','WOW a kilátás!','src/main/resources/kepek/174','112','2','171');
Insert into ADATB.KEP (ID,FILE_NAME,LEIRAS,PATHS,FELHASZNALOID,KATEGORIAID,VAROS_ID) values ('188','CnOKakZ-V7Q.jpg','Valaki álmos Zzzzz','src/main/resources/kepek/188','112','4','185');
Insert into ADATB.KEP (ID,FILE_NAME,LEIRAS,PATHS,FELHASZNALOID,KATEGORIAID,VAROS_ID) values ('255','eG6jc6nn2KM.jpg','2dörfevör','src/main/resources/kepek/255','27','1','252');
Insert into ADATB.KEP (ID,FILE_NAME,LEIRAS,PATHS,FELHASZNALOID,KATEGORIAID,VAROS_ID) values ('256','Eq5wbIf59vo.jpg','Terasz-party','src/main/resources/kepek/256','27','2','10');
Insert into ADATB.KEP (ID,FILE_NAME,LEIRAS,PATHS,FELHASZNALOID,KATEGORIAID,VAROS_ID) values ('284','iv-1tH3wwt0.jpg','Ez az este :)','src/main/resources/kepek/284','30','1','175');
Insert into ADATB.KEP (ID,FILE_NAME,LEIRAS,PATHS,FELHASZNALOID,KATEGORIAID,VAROS_ID) values ('291','QAEmvpS9gdw.jpg','Csodás Balaton :)','src/main/resources/kepek/291','30','1','290');
Insert into ADATB.KEP (ID,FILE_NAME,LEIRAS,PATHS,FELHASZNALOID,KATEGORIAID,VAROS_ID) values ('316','rM16dhURKeM.jpg','A görögök','src/main/resources/kepek/316','34','2','258');
Insert into ADATB.KEP (ID,FILE_NAME,LEIRAS,PATHS,FELHASZNALOID,KATEGORIAID,VAROS_ID) values ('318','u8Jn2rzYIps.jpg','Alkotásom','src/main/resources/kepek/318','34','4','317');
Insert into ADATB.KEP (ID,FILE_NAME,LEIRAS,PATHS,FELHASZNALOID,KATEGORIAID,VAROS_ID) values ('342','ZWvvnlOCQuE.jpg','Toxicus szemeim','src/main/resources/kepek/342','44','4','341');
Insert into ADATB.KEP (ID,FILE_NAME,LEIRAS,PATHS,FELHASZNALOID,KATEGORIAID,VAROS_ID) values ('66','2w_IX6nr9g4.jpg','Csodás anyag!','src/main/resources/kepek/66','16','4','65');
Insert into ADATB.KEP (ID,FILE_NAME,LEIRAS,PATHS,FELHASZNALOID,KATEGORIAID,VAROS_ID) values ('257','FU4yhbdRAXU.jpg','Lemostam a kocsit :)','src/main/resources/kepek/257','27','3','10');
Insert into ADATB.KEP (ID,FILE_NAME,LEIRAS,PATHS,FELHASZNALOID,KATEGORIAID,VAROS_ID) values ('286','NnPvP7Q_iDA.jpg','Esküvőztünk...','src/main/resources/kepek/286','30','4','10');
Insert into ADATB.KEP (ID,FILE_NAME,LEIRAS,PATHS,FELHASZNALOID,KATEGORIAID,VAROS_ID) values ('289','oaDJsBZzZf8.jpg','Tünciztünk a kínaiakkal ','src/main/resources/kepek/289','30','0','287');
Insert into ADATB.KEP (ID,FILE_NAME,LEIRAS,PATHS,FELHASZNALOID,KATEGORIAID,VAROS_ID) values ('320','u32yZ_NpnnI.jpg','Mindörökké....','src/main/resources/kepek/320','38','4','65');
Insert into ADATB.KEP (ID,FILE_NAME,LEIRAS,PATHS,FELHASZNALOID,KATEGORIAID,VAROS_ID) values ('324','UZe94cB0sf4.jpg','Nagyon kreatív','src/main/resources/kepek/324','38','2','321');
Insert into ADATB.KEP (ID,FILE_NAME,LEIRAS,PATHS,FELHASZNALOID,KATEGORIAID,VAROS_ID) values ('285','lndmgqSz4yw.jpg','Na igen :)','src/main/resources/kepek/285','30','4','61');
Insert into ADATB.KEP (ID,FILE_NAME,LEIRAS,PATHS,FELHASZNALOID,KATEGORIAID,VAROS_ID) values ('332','zgCwc0lUAhA.jpg','Kávéztam','src/main/resources/kepek/332','38','4','330');
Insert into ADATB.KEP (ID,FILE_NAME,LEIRAS,PATHS,FELHASZNALOID,KATEGORIAID,VAROS_ID) values ('70','3lF5CxR0FvI.jpg','Wow micsoda kilátás!','src/main/resources/kepek/70','16','1','67');
Insert into ADATB.KEP (ID,FILE_NAME,LEIRAS,PATHS,FELHASZNALOID,KATEGORIAID,VAROS_ID) values ('170','8ftfK86nRF8.jpg','America <3 ','src/main/resources/kepek/170','112','2','168');
Insert into ADATB.KEP (ID,FILE_NAME,LEIRAS,PATHS,FELHASZNALOID,KATEGORIAID,VAROS_ID) values ('176','27IhGLmHUeM.jpg','Emlékek','src/main/resources/kepek/176','112','0','175');
Insert into ADATB.KEP (ID,FILE_NAME,LEIRAS,PATHS,FELHASZNALOID,KATEGORIAID,VAROS_ID) values ('180','B4REfCAg2Fg.jpg','weafa DRunk as Fuck,mfe','src/main/resources/kepek/180','112','0','177');
Insert into ADATB.KEP (ID,FILE_NAME,LEIRAS,PATHS,FELHASZNALOID,KATEGORIAID,VAROS_ID) values ('184','BSz0jJ172vM.jpg','Pingvineeeeekkkkkkk','src/main/resources/kepek/184','112','1','181');
Insert into ADATB.KEP (ID,FILE_NAME,LEIRAS,PATHS,FELHASZNALOID,KATEGORIAID,VAROS_ID) values ('260','GoM3XZKgkAo.jpg','Ébredő hajnal!','src/main/resources/kepek/260','27','1','258');
Insert into ADATB.KEP (ID,FILE_NAME,LEIRAS,PATHS,FELHASZNALOID,KATEGORIAID,VAROS_ID) values ('283','Gtu6KhaEPE0.jpg','Tükröm tükröm','src/main/resources/kepek/283','30','1','281');
Insert into ADATB.KEP (ID,FILE_NAME,LEIRAS,PATHS,FELHASZNALOID,KATEGORIAID,VAROS_ID) values ('63','2DYsRewQGpE.jpg','Búvárkodtunk a Bahamákon...','src/main/resources/kepek/63','48','1','61');
REM INSERTING into ADATB.MEGTEKINTETTKEPEK
SET DEFINE OFF;
Insert into ADATB.MEGTEKINTETTKEPEK (ID,FELHASZNALOID,KEPID) values ('73','16','64');
Insert into ADATB.MEGTEKINTETTKEPEK (ID,FELHASZNALOID,KEPID) values ('76','16','64');
Insert into ADATB.MEGTEKINTETTKEPEK (ID,FELHASZNALOID,KEPID) values ('79','16','64');
Insert into ADATB.MEGTEKINTETTKEPEK (ID,FELHASZNALOID,KEPID) values ('88','16','60');
Insert into ADATB.MEGTEKINTETTKEPEK (ID,FELHASZNALOID,KEPID) values ('96','16','56');
Insert into ADATB.MEGTEKINTETTKEPEK (ID,FELHASZNALOID,KEPID) values ('103','16','56');
Insert into ADATB.MEGTEKINTETTKEPEK (ID,FELHASZNALOID,KEPID) values ('104','16','52');
Insert into ADATB.MEGTEKINTETTKEPEK (ID,FELHASZNALOID,KEPID) values ('107','16','52');
Insert into ADATB.MEGTEKINTETTKEPEK (ID,FELHASZNALOID,KEPID) values ('113','112','71');
Insert into ADATB.MEGTEKINTETTKEPEK (ID,FELHASZNALOID,KEPID) values ('115','112','71');
Insert into ADATB.MEGTEKINTETTKEPEK (ID,FELHASZNALOID,KEPID) values ('116','112','71');
Insert into ADATB.MEGTEKINTETTKEPEK (ID,FELHASZNALOID,KEPID) values ('118','112','70');
Insert into ADATB.MEGTEKINTETTKEPEK (ID,FELHASZNALOID,KEPID) values ('124','112','70');
Insert into ADATB.MEGTEKINTETTKEPEK (ID,FELHASZNALOID,KEPID) values ('126','112','70');
Insert into ADATB.MEGTEKINTETTKEPEK (ID,FELHASZNALOID,KEPID) values ('132','112','64');
Insert into ADATB.MEGTEKINTETTKEPEK (ID,FELHASZNALOID,KEPID) values ('140','112','63');
Insert into ADATB.MEGTEKINTETTKEPEK (ID,FELHASZNALOID,KEPID) values ('145','112','63');
Insert into ADATB.MEGTEKINTETTKEPEK (ID,FELHASZNALOID,KEPID) values ('147','112','60');
Insert into ADATB.MEGTEKINTETTKEPEK (ID,FELHASZNALOID,KEPID) values ('153','112','60');
Insert into ADATB.MEGTEKINTETTKEPEK (ID,FELHASZNALOID,KEPID) values ('155','112','52');
Insert into ADATB.MEGTEKINTETTKEPEK (ID,FELHASZNALOID,KEPID) values ('161','112','52');
Insert into ADATB.MEGTEKINTETTKEPEK (ID,FELHASZNALOID,KEPID) values ('163','112','56');
Insert into ADATB.MEGTEKINTETTKEPEK (ID,FELHASZNALOID,KEPID) values ('190','27','188');
Insert into ADATB.MEGTEKINTETTKEPEK (ID,FELHASZNALOID,KEPID) values ('193','27','188');
Insert into ADATB.MEGTEKINTETTKEPEK (ID,FELHASZNALOID,KEPID) values ('196','27','184');
Insert into ADATB.MEGTEKINTETTKEPEK (ID,FELHASZNALOID,KEPID) values ('198','27','184');
Insert into ADATB.MEGTEKINTETTKEPEK (ID,FELHASZNALOID,KEPID) values ('199','27','184');
Insert into ADATB.MEGTEKINTETTKEPEK (ID,FELHASZNALOID,KEPID) values ('203','27','180');
Insert into ADATB.MEGTEKINTETTKEPEK (ID,FELHASZNALOID,KEPID) values ('204','27','180');
Insert into ADATB.MEGTEKINTETTKEPEK (ID,FELHASZNALOID,KEPID) values ('217','27','170');
Insert into ADATB.MEGTEKINTETTKEPEK (ID,FELHASZNALOID,KEPID) values ('219','27','170');
Insert into ADATB.MEGTEKINTETTKEPEK (ID,FELHASZNALOID,KEPID) values ('220','27','170');
Insert into ADATB.MEGTEKINTETTKEPEK (ID,FELHASZNALOID,KEPID) values ('225','27','71');
Insert into ADATB.MEGTEKINTETTKEPEK (ID,FELHASZNALOID,KEPID) values ('226','27','71');
Insert into ADATB.MEGTEKINTETTKEPEK (ID,FELHASZNALOID,KEPID) values ('231','27','71');
Insert into ADATB.MEGTEKINTETTKEPEK (ID,FELHASZNALOID,KEPID) values ('236','27','70');
Insert into ADATB.MEGTEKINTETTKEPEK (ID,FELHASZNALOID,KEPID) values ('237','27','70');
Insert into ADATB.MEGTEKINTETTKEPEK (ID,FELHASZNALOID,KEPID) values ('240','27','70');
Insert into ADATB.MEGTEKINTETTKEPEK (ID,FELHASZNALOID,KEPID) values ('243','27','70');
Insert into ADATB.MEGTEKINTETTKEPEK (ID,FELHASZNALOID,KEPID) values ('245','27','52');
Insert into ADATB.MEGTEKINTETTKEPEK (ID,FELHASZNALOID,KEPID) values ('265','30','260');
Insert into ADATB.MEGTEKINTETTKEPEK (ID,FELHASZNALOID,KEPID) values ('266','30','257');
Insert into ADATB.MEGTEKINTETTKEPEK (ID,FELHASZNALOID,KEPID) values ('271','30','256');
Insert into ADATB.MEGTEKINTETTKEPEK (ID,FELHASZNALOID,KEPID) values ('277','30','255');
Insert into ADATB.MEGTEKINTETTKEPEK (ID,FELHASZNALOID,KEPID) values ('293','30','188');
Insert into ADATB.MEGTEKINTETTKEPEK (ID,FELHASZNALOID,KEPID) values ('302','30','184');
Insert into ADATB.MEGTEKINTETTKEPEK (ID,FELHASZNALOID,KEPID) values ('303','30','184');
Insert into ADATB.MEGTEKINTETTKEPEK (ID,FELHASZNALOID,KEPID) values ('307','30','291');
Insert into ADATB.MEGTEKINTETTKEPEK (ID,FELHASZNALOID,KEPID) values ('308','30','291');
Insert into ADATB.MEGTEKINTETTKEPEK (ID,FELHASZNALOID,KEPID) values ('311','34','289');
Insert into ADATB.MEGTEKINTETTKEPEK (ID,FELHASZNALOID,KEPID) values ('329','38','318');
Insert into ADATB.MEGTEKINTETTKEPEK (ID,FELHASZNALOID,KEPID) values ('333','38','291');
Insert into ADATB.MEGTEKINTETTKEPEK (ID,FELHASZNALOID,KEPID) values ('335','38','291');
Insert into ADATB.MEGTEKINTETTKEPEK (ID,FELHASZNALOID,KEPID) values ('349','44','291');
Insert into ADATB.MEGTEKINTETTKEPEK (ID,FELHASZNALOID,KEPID) values ('351','44','291');
Insert into ADATB.MEGTEKINTETTKEPEK (ID,FELHASZNALOID,KEPID) values ('354','44','291');
Insert into ADATB.MEGTEKINTETTKEPEK (ID,FELHASZNALOID,KEPID) values ('357','23','342');
Insert into ADATB.MEGTEKINTETTKEPEK (ID,FELHASZNALOID,KEPID) values ('358','23','342');
Insert into ADATB.MEGTEKINTETTKEPEK (ID,FELHASZNALOID,KEPID) values ('368','23','324');
Insert into ADATB.MEGTEKINTETTKEPEK (ID,FELHASZNALOID,KEPID) values ('373','23','320');
Insert into ADATB.MEGTEKINTETTKEPEK (ID,FELHASZNALOID,KEPID) values ('387','23','174');
Insert into ADATB.MEGTEKINTETTKEPEK (ID,FELHASZNALOID,KEPID) values ('101','16','56');
Insert into ADATB.MEGTEKINTETTKEPEK (ID,FELHASZNALOID,KEPID) values ('135','112','63');
Insert into ADATB.MEGTEKINTETTKEPEK (ID,FELHASZNALOID,KEPID) values ('215','27','174');
Insert into ADATB.MEGTEKINTETTKEPEK (ID,FELHASZNALOID,KEPID) values ('247','27','52');
Insert into ADATB.MEGTEKINTETTKEPEK (ID,FELHASZNALOID,KEPID) values ('261','30','260');
Insert into ADATB.MEGTEKINTETTKEPEK (ID,FELHASZNALOID,KEPID) values ('272','30','256');
Insert into ADATB.MEGTEKINTETTKEPEK (ID,FELHASZNALOID,KEPID) values ('275','30','256');
Insert into ADATB.MEGTEKINTETTKEPEK (ID,FELHASZNALOID,KEPID) values ('292','30','188');
Insert into ADATB.MEGTEKINTETTKEPEK (ID,FELHASZNALOID,KEPID) values ('298','30','188');
Insert into ADATB.MEGTEKINTETTKEPEK (ID,FELHASZNALOID,KEPID) values ('305','30','291');
Insert into ADATB.MEGTEKINTETTKEPEK (ID,FELHASZNALOID,KEPID) values ('314','34','289');
Insert into ADATB.MEGTEKINTETTKEPEK (ID,FELHASZNALOID,KEPID) values ('338','38','188');
Insert into ADATB.MEGTEKINTETTKEPEK (ID,FELHASZNALOID,KEPID) values ('360','23','332');
Insert into ADATB.MEGTEKINTETTKEPEK (ID,FELHASZNALOID,KEPID) values ('362','23','332');
Insert into ADATB.MEGTEKINTETTKEPEK (ID,FELHASZNALOID,KEPID) values ('372','23','320');
Insert into ADATB.MEGTEKINTETTKEPEK (ID,FELHASZNALOID,KEPID) values ('129','112','66');
Insert into ADATB.MEGTEKINTETTKEPEK (ID,FELHASZNALOID,KEPID) values ('134','112','64');
Insert into ADATB.MEGTEKINTETTKEPEK (ID,FELHASZNALOID,KEPID) values ('136','112','63');
Insert into ADATB.MEGTEKINTETTKEPEK (ID,FELHASZNALOID,KEPID) values ('139','112','63');
Insert into ADATB.MEGTEKINTETTKEPEK (ID,FELHASZNALOID,KEPID) values ('142','112','63');
Insert into ADATB.MEGTEKINTETTKEPEK (ID,FELHASZNALOID,KEPID) values ('151','112','60');
Insert into ADATB.MEGTEKINTETTKEPEK (ID,FELHASZNALOID,KEPID) values ('158','112','52');
Insert into ADATB.MEGTEKINTETTKEPEK (ID,FELHASZNALOID,KEPID) values ('159','112','52');
Insert into ADATB.MEGTEKINTETTKEPEK (ID,FELHASZNALOID,KEPID) values ('166','112','56');
Insert into ADATB.MEGTEKINTETTKEPEK (ID,FELHASZNALOID,KEPID) values ('167','112','56');
Insert into ADATB.MEGTEKINTETTKEPEK (ID,FELHASZNALOID,KEPID) values ('201','27','180');
Insert into ADATB.MEGTEKINTETTKEPEK (ID,FELHASZNALOID,KEPID) values ('206','27','176');
Insert into ADATB.MEGTEKINTETTKEPEK (ID,FELHASZNALOID,KEPID) values ('207','27','176');
Insert into ADATB.MEGTEKINTETTKEPEK (ID,FELHASZNALOID,KEPID) values ('209','27','176');
Insert into ADATB.MEGTEKINTETTKEPEK (ID,FELHASZNALOID,KEPID) values ('211','27','176');
Insert into ADATB.MEGTEKINTETTKEPEK (ID,FELHASZNALOID,KEPID) values ('222','27','71');
Insert into ADATB.MEGTEKINTETTKEPEK (ID,FELHASZNALOID,KEPID) values ('223','27','71');
Insert into ADATB.MEGTEKINTETTKEPEK (ID,FELHASZNALOID,KEPID) values ('229','27','71');
Insert into ADATB.MEGTEKINTETTKEPEK (ID,FELHASZNALOID,KEPID) values ('262','30','260');
Insert into ADATB.MEGTEKINTETTKEPEK (ID,FELHASZNALOID,KEPID) values ('267','30','257');
Insert into ADATB.MEGTEKINTETTKEPEK (ID,FELHASZNALOID,KEPID) values ('276','30','255');
Insert into ADATB.MEGTEKINTETTKEPEK (ID,FELHASZNALOID,KEPID) values ('280','30','255');
Insert into ADATB.MEGTEKINTETTKEPEK (ID,FELHASZNALOID,KEPID) values ('296','30','188');
Insert into ADATB.MEGTEKINTETTKEPEK (ID,FELHASZNALOID,KEPID) values ('300','30','184');
Insert into ADATB.MEGTEKINTETTKEPEK (ID,FELHASZNALOID,KEPID) values ('310','34','289');
Insert into ADATB.MEGTEKINTETTKEPEK (ID,FELHASZNALOID,KEPID) values ('340','38','188');
Insert into ADATB.MEGTEKINTETTKEPEK (ID,FELHASZNALOID,KEPID) values ('346','44','291');
Insert into ADATB.MEGTEKINTETTKEPEK (ID,FELHASZNALOID,KEPID) values ('347','44','291');
Insert into ADATB.MEGTEKINTETTKEPEK (ID,FELHASZNALOID,KEPID) values ('355','23','342');
Insert into ADATB.MEGTEKINTETTKEPEK (ID,FELHASZNALOID,KEPID) values ('375','23','316');
Insert into ADATB.MEGTEKINTETTKEPEK (ID,FELHASZNALOID,KEPID) values ('376','23','316');
Insert into ADATB.MEGTEKINTETTKEPEK (ID,FELHASZNALOID,KEPID) values ('383','23','318');
Insert into ADATB.MEGTEKINTETTKEPEK (ID,FELHASZNALOID,KEPID) values ('390','23','64');
Insert into ADATB.MEGTEKINTETTKEPEK (ID,FELHASZNALOID,KEPID) values ('80','16','63');
Insert into ADATB.MEGTEKINTETTKEPEK (ID,FELHASZNALOID,KEPID) values ('82','16','63');
Insert into ADATB.MEGTEKINTETTKEPEK (ID,FELHASZNALOID,KEPID) values ('85','16','63');
Insert into ADATB.MEGTEKINTETTKEPEK (ID,FELHASZNALOID,KEPID) values ('90','16','60');
Insert into ADATB.MEGTEKINTETTKEPEK (ID,FELHASZNALOID,KEPID) values ('92','16','60');
Insert into ADATB.MEGTEKINTETTKEPEK (ID,FELHASZNALOID,KEPID) values ('119','112','70');
Insert into ADATB.MEGTEKINTETTKEPEK (ID,FELHASZNALOID,KEPID) values ('122','112','70');
Insert into ADATB.MEGTEKINTETTKEPEK (ID,FELHASZNALOID,KEPID) values ('127','112','66');
Insert into ADATB.MEGTEKINTETTKEPEK (ID,FELHASZNALOID,KEPID) values ('130','112','66');
Insert into ADATB.MEGTEKINTETTKEPEK (ID,FELHASZNALOID,KEPID) values ('143','112','63');
Insert into ADATB.MEGTEKINTETTKEPEK (ID,FELHASZNALOID,KEPID) values ('146','112','60');
Insert into ADATB.MEGTEKINTETTKEPEK (ID,FELHASZNALOID,KEPID) values ('150','112','60');
Insert into ADATB.MEGTEKINTETTKEPEK (ID,FELHASZNALOID,KEPID) values ('154','112','52');
Insert into ADATB.MEGTEKINTETTKEPEK (ID,FELHASZNALOID,KEPID) values ('162','112','56');
Insert into ADATB.MEGTEKINTETTKEPEK (ID,FELHASZNALOID,KEPID) values ('189','27','188');
Insert into ADATB.MEGTEKINTETTKEPEK (ID,FELHASZNALOID,KEPID) values ('195','27','188');
Insert into ADATB.MEGTEKINTETTKEPEK (ID,FELHASZNALOID,KEPID) values ('212','27','174');
Insert into ADATB.MEGTEKINTETTKEPEK (ID,FELHASZNALOID,KEPID) values ('214','27','174');
Insert into ADATB.MEGTEKINTETTKEPEK (ID,FELHASZNALOID,KEPID) values ('233','27','71');
Insert into ADATB.MEGTEKINTETTKEPEK (ID,FELHASZNALOID,KEPID) values ('235','27','71');
Insert into ADATB.MEGTEKINTETTKEPEK (ID,FELHASZNALOID,KEPID) values ('239','27','70');
Insert into ADATB.MEGTEKINTETTKEPEK (ID,FELHASZNALOID,KEPID) values ('244','27','52');
Insert into ADATB.MEGTEKINTETTKEPEK (ID,FELHASZNALOID,KEPID) values ('249','27','52');
Insert into ADATB.MEGTEKINTETTKEPEK (ID,FELHASZNALOID,KEPID) values ('251','27','52');
Insert into ADATB.MEGTEKINTETTKEPEK (ID,FELHASZNALOID,KEPID) values ('270','30','257');
Insert into ADATB.MEGTEKINTETTKEPEK (ID,FELHASZNALOID,KEPID) values ('299','30','170');
Insert into ADATB.MEGTEKINTETTKEPEK (ID,FELHASZNALOID,KEPID) values ('325','38','318');
Insert into ADATB.MEGTEKINTETTKEPEK (ID,FELHASZNALOID,KEPID) values ('326','38','318');
Insert into ADATB.MEGTEKINTETTKEPEK (ID,FELHASZNALOID,KEPID) values ('336','38','291');
Insert into ADATB.MEGTEKINTETTKEPEK (ID,FELHASZNALOID,KEPID) values ('367','23','324');
Insert into ADATB.MEGTEKINTETTKEPEK (ID,FELHASZNALOID,KEPID) values ('379','23','316');
Insert into ADATB.MEGTEKINTETTKEPEK (ID,FELHASZNALOID,KEPID) values ('381','23','318');
Insert into ADATB.MEGTEKINTETTKEPEK (ID,FELHASZNALOID,KEPID) values ('385','23','318');
Insert into ADATB.MEGTEKINTETTKEPEK (ID,FELHASZNALOID,KEPID) values ('386','23','174');
Insert into ADATB.MEGTEKINTETTKEPEK (ID,FELHASZNALOID,KEPID) values ('389','23','64');
Insert into ADATB.MEGTEKINTETTKEPEK (ID,FELHASZNALOID,KEPID) values ('392','23','71');
Insert into ADATB.MEGTEKINTETTKEPEK (ID,FELHASZNALOID,KEPID) values ('72','16','64');
Insert into ADATB.MEGTEKINTETTKEPEK (ID,FELHASZNALOID,KEPID) values ('77','16','64');
Insert into ADATB.MEGTEKINTETTKEPEK (ID,FELHASZNALOID,KEPID) values ('84','16','63');
Insert into ADATB.MEGTEKINTETTKEPEK (ID,FELHASZNALOID,KEPID) values ('86','16','63');
Insert into ADATB.MEGTEKINTETTKEPEK (ID,FELHASZNALOID,KEPID) values ('91','16','60');
Insert into ADATB.MEGTEKINTETTKEPEK (ID,FELHASZNALOID,KEPID) values ('94','16','56');
Insert into ADATB.MEGTEKINTETTKEPEK (ID,FELHASZNALOID,KEPID) values ('98','16','56');
Insert into ADATB.MEGTEKINTETTKEPEK (ID,FELHASZNALOID,KEPID) values ('99','16','56');
Insert into ADATB.MEGTEKINTETTKEPEK (ID,FELHASZNALOID,KEPID) values ('106','16','52');
Insert into ADATB.MEGTEKINTETTKEPEK (ID,FELHASZNALOID,KEPID) values ('108','16','52');
Insert into ADATB.MEGTEKINTETTKEPEK (ID,FELHASZNALOID,KEPID) values ('352','44','291');
Insert into ADATB.MEGTEKINTETTKEPEK (ID,FELHASZNALOID,KEPID) values ('363','23','332');
Insert into ADATB.MEGTEKINTETTKEPEK (ID,FELHASZNALOID,KEPID) values ('365','23','324');
Insert into ADATB.MEGTEKINTETTKEPEK (ID,FELHASZNALOID,KEPID) values ('370','23','324');
Insert into ADATB.MEGTEKINTETTKEPEK (ID,FELHASZNALOID,KEPID) values ('380','23','318');
Insert into ADATB.MEGTEKINTETTKEPEK (ID,FELHASZNALOID,KEPID) values ('393','23','71');
REM INSERTING into ADATB.MEGYE
SET DEFINE OFF;
Insert into ADATB.MEGYE (ID,MEGNEVEZES,ORSZAGID) values ('8','Pest','9');
Insert into ADATB.MEGYE (ID,MEGNEVEZES,ORSZAGID) values ('11','Csongrad','9');
Insert into ADATB.MEGYE (ID,MEGNEVEZES,ORSZAGID) values ('14','Brussels Capital','15');
Insert into ADATB.MEGYE (ID,MEGNEVEZES,ORSZAGID) values ('18',null,'19');
Insert into ADATB.MEGYE (ID,MEGNEVEZES,ORSZAGID) values ('21','Goeycay','22');
Insert into ADATB.MEGYE (ID,MEGNEVEZES,ORSZAGID) values ('25','San Juan','26');
Insert into ADATB.MEGYE (ID,MEGNEVEZES,ORSZAGID) values ('29','Zala','9');
Insert into ADATB.MEGYE (ID,MEGNEVEZES,ORSZAGID) values ('32','England','33');
Insert into ADATB.MEGYE (ID,MEGNEVEZES,ORSZAGID) values ('36','Harghita','37');
Insert into ADATB.MEGYE (ID,MEGNEVEZES,ORSZAGID) values ('40','Veszprem','9');
Insert into ADATB.MEGYE (ID,MEGNEVEZES,ORSZAGID) values ('43','Fejer','9');
Insert into ADATB.MEGYE (ID,MEGNEVEZES,ORSZAGID) values ('46','Hamburg','47');
Insert into ADATB.MEGYE (ID,MEGNEVEZES,ORSZAGID) values ('50','Salzburg','51');
Insert into ADATB.MEGYE (ID,MEGNEVEZES,ORSZAGID) values ('54','Acklins','55');
Insert into ADATB.MEGYE (ID,MEGNEVEZES,ORSZAGID) values ('58','Al Sharjah','59');
Insert into ADATB.MEGYE (ID,MEGNEVEZES,ORSZAGID) values ('111','Borsod-Abauj-Zemplen','9');
Insert into ADATB.MEGYE (ID,MEGNEVEZES,ORSZAGID) values ('172','Barbuda','173');
Insert into ADATB.MEGYE (ID,MEGNEVEZES,ORSZAGID) values ('186','Uige','187');
Insert into ADATB.MEGYE (ID,MEGNEVEZES,ORSZAGID) values ('253','Elbasan','254');
Insert into ADATB.MEGYE (ID,MEGNEVEZES,ORSZAGID) values ('288','Colorado','69');
Insert into ADATB.MEGYE (ID,MEGNEVEZES,ORSZAGID) values ('322','La Massana','323');
Insert into ADATB.MEGYE (ID,MEGNEVEZES,ORSZAGID) values ('331','Misiones','26');
Insert into ADATB.MEGYE (ID,MEGNEVEZES,ORSZAGID) values ('68','Iowa','69');
Insert into ADATB.MEGYE (ID,MEGNEVEZES,ORSZAGID) values ('169','Connecticut','69');
Insert into ADATB.MEGYE (ID,MEGNEVEZES,ORSZAGID) values ('178','The Valley','179');
Insert into ADATB.MEGYE (ID,MEGNEVEZES,ORSZAGID) values ('182','Hamgyong-bukto','183');
Insert into ADATB.MEGYE (ID,MEGNEVEZES,ORSZAGID) values ('259','Zaire','187');
Insert into ADATB.MEGYE (ID,MEGNEVEZES,ORSZAGID) values ('282','Saint John','173');
Insert into ADATB.MEGYE (ID,MEGNEVEZES,ORSZAGID) values ('0','Ismeretlen','0');
Insert into ADATB.MEGYE (ID,MEGNEVEZES,ORSZAGID) values ('62','Long Island','55');
REM INSERTING into ADATB.ORSZAG
SET DEFINE OFF;
Insert into ADATB.ORSZAG (ID,MEGNEVEZES) values ('9','Hungary');
Insert into ADATB.ORSZAG (ID,MEGNEVEZES) values ('15','Belgium');
Insert into ADATB.ORSZAG (ID,MEGNEVEZES) values ('19','Fiji');
Insert into ADATB.ORSZAG (ID,MEGNEVEZES) values ('22','Azerbaijan');
Insert into ADATB.ORSZAG (ID,MEGNEVEZES) values ('26','Argentina');
Insert into ADATB.ORSZAG (ID,MEGNEVEZES) values ('33','United Kingdom');
Insert into ADATB.ORSZAG (ID,MEGNEVEZES) values ('37','Romania');
Insert into ADATB.ORSZAG (ID,MEGNEVEZES) values ('47','Germany');
Insert into ADATB.ORSZAG (ID,MEGNEVEZES) values ('51','Austria');
Insert into ADATB.ORSZAG (ID,MEGNEVEZES) values ('55','Bahamas');
Insert into ADATB.ORSZAG (ID,MEGNEVEZES) values ('59','United Arab Emirates');
Insert into ADATB.ORSZAG (ID,MEGNEVEZES) values ('173','Antigua and Barbuda');
Insert into ADATB.ORSZAG (ID,MEGNEVEZES) values ('187','Angola');
Insert into ADATB.ORSZAG (ID,MEGNEVEZES) values ('254','Albania');
Insert into ADATB.ORSZAG (ID,MEGNEVEZES) values ('323','Andorra');
Insert into ADATB.ORSZAG (ID,MEGNEVEZES) values ('69','United States');
Insert into ADATB.ORSZAG (ID,MEGNEVEZES) values ('179','Anguilla');
Insert into ADATB.ORSZAG (ID,MEGNEVEZES) values ('183','North Korea');
Insert into ADATB.ORSZAG (ID,MEGNEVEZES) values ('0','Ismeretlen');
REM INSERTING into ADATB.REPORT
SET DEFINE OFF;
Insert into ADATB.REPORT (ID,INDOK,OK,FELHASZNALO_ID,KEP_ID) values ('319','Erősen kifogásolható!','Rassizmus','38','289');
Insert into ADATB.REPORT (ID,INDOK,OK,FELHASZNALO_ID,KEP_ID) values ('344','Megszorítod fáj neki!!!!','Erőszak','44','320');
Insert into ADATB.REPORT (ID,INDOK,OK,FELHASZNALO_ID,KEP_ID) values ('315','Nagyon felháborító ilyen szöveggel feltüntetni!','Rassizmus','34','289');
Insert into ADATB.REPORT (ID,INDOK,OK,FELHASZNALO_ID,KEP_ID) values ('343','Toxikus vagyok és berepoltalak!','Erőszak','44','332');
Insert into ADATB.REPORT (ID,INDOK,OK,FELHASZNALO_ID,KEP_ID) values ('345','Kilátszik a vállad!','Meztelenség','44','291');
Insert into ADATB.REPORT (ID,INDOK,OK,FELHASZNALO_ID,KEP_ID) values ('371','EZ NEM IS CEMENT','Erőszak','23','324');
REM INSERTING into ADATB.VAROS
SET DEFINE OFF;
Insert into ADATB.VAROS (ID,MEGNEVEZES,MEGYEID) values ('7','Aszod','8');
Insert into ADATB.VAROS (ID,MEGNEVEZES,MEGYEID) values ('10','Szeged','11');
Insert into ADATB.VAROS (ID,MEGNEVEZES,MEGYEID) values ('13','Brussels','14');
Insert into ADATB.VAROS (ID,MEGNEVEZES,MEGYEID) values ('17',null,'18');
Insert into ADATB.VAROS (ID,MEGNEVEZES,MEGYEID) values ('20','Geoktschai','21');
Insert into ADATB.VAROS (ID,MEGNEVEZES,MEGYEID) values ('24','Villa Krause','25');
Insert into ADATB.VAROS (ID,MEGNEVEZES,MEGYEID) values ('28','Pacsa','29');
Insert into ADATB.VAROS (ID,MEGNEVEZES,MEGYEID) values ('31','Larkfield','32');
Insert into ADATB.VAROS (ID,MEGNEVEZES,MEGYEID) values ('35','Carta','36');
Insert into ADATB.VAROS (ID,MEGNEVEZES,MEGYEID) values ('39','Papa','40');
Insert into ADATB.VAROS (ID,MEGNEVEZES,MEGYEID) values ('42','Ercsi','43');
Insert into ADATB.VAROS (ID,MEGNEVEZES,MEGYEID) values ('45','Altstadt','46');
Insert into ADATB.VAROS (ID,MEGNEVEZES,MEGYEID) values ('49','Anthering','50');
Insert into ADATB.VAROS (ID,MEGNEVEZES,MEGYEID) values ('53','Masons Bay','54');
Insert into ADATB.VAROS (ID,MEGNEVEZES,MEGYEID) values ('57','Khawr Fakkan','58');
Insert into ADATB.VAROS (ID,MEGNEVEZES,MEGYEID) values ('110','Gesztely','111');
Insert into ADATB.VAROS (ID,MEGNEVEZES,MEGYEID) values ('171','Codrington','172');
Insert into ADATB.VAROS (ID,MEGNEVEZES,MEGYEID) values ('185','U','186');
Insert into ADATB.VAROS (ID,MEGNEVEZES,MEGYEID) values ('252','Gjergjan','253');
Insert into ADATB.VAROS (ID,MEGNEVEZES,MEGYEID) values ('290','Balatonfured','40');
Insert into ADATB.VAROS (ID,MEGNEVEZES,MEGYEID) values ('317','Anif','50');
Insert into ADATB.VAROS (ID,MEGNEVEZES,MEGYEID) values ('341','Morahalom','11');
Insert into ADATB.VAROS (ID,MEGNEVEZES,MEGYEID) values ('65','Sandorfalva','11');
Insert into ADATB.VAROS (ID,MEGNEVEZES,MEGYEID) values ('287','Aristocrat Ranchettes','288');
Insert into ADATB.VAROS (ID,MEGNEVEZES,MEGYEID) values ('321','Arinsal','322');
Insert into ADATB.VAROS (ID,MEGNEVEZES,MEGYEID) values ('330','Bernardo de Irigoyen','331');
Insert into ADATB.VAROS (ID,MEGNEVEZES,MEGYEID) values ('67','Altoona','68');
Insert into ADATB.VAROS (ID,MEGNEVEZES,MEGYEID) values ('168','Bridgeport','169');
Insert into ADATB.VAROS (ID,MEGNEVEZES,MEGYEID) values ('175','Bad Gastein','50');
Insert into ADATB.VAROS (ID,MEGNEVEZES,MEGYEID) values ('177','The Valley','178');
Insert into ADATB.VAROS (ID,MEGNEVEZES,MEGYEID) values ('181','Musan-up','182');
Insert into ADATB.VAROS (ID,MEGNEVEZES,MEGYEID) values ('258','Soio','259');
Insert into ADATB.VAROS (ID,MEGNEVEZES,MEGYEID) values ('281','Potters Village','282');
Insert into ADATB.VAROS (ID,MEGNEVEZES,MEGYEID) values ('0','Ismeretlen','0');
Insert into ADATB.VAROS (ID,MEGNEVEZES,MEGYEID) values ('61','Clarence Town','62');
REM INSERTING into ADATB.VELEMENY
SET DEFINE OFF;
Insert into ADATB.VELEMENY (ID,DATUM,HOZZASZOLAS_SZOVEG,FELHASZNALOID,KEPID,VELEMENY_PARENT) values ('78','2021-05-10 22:40','az újság is fancy','16','64','75');
Insert into ADATB.VELEMENY (ID,DATUM,HOZZASZOLAS_SZOVEG,FELHASZNALOID,KEPID,VELEMENY_PARENT) values ('81','2021-05-10 22:40','WOW eszem eldobom','16','63',null);
Insert into ADATB.VELEMENY (ID,DATUM,HOZZASZOLAS_SZOVEG,FELHASZNALOID,KEPID,VELEMENY_PARENT) values ('83','2021-05-10 22:41','mennyibe került?','16','63',null);
Insert into ADATB.VELEMENY (ID,DATUM,HOZZASZOLAS_SZOVEG,FELHASZNALOID,KEPID,VELEMENY_PARENT) values ('97','2021-05-10 22:42','én félek a halaktól','16','56',null);
Insert into ADATB.VELEMENY (ID,DATUM,HOZZASZOLAS_SZOVEG,FELHASZNALOID,KEPID,VELEMENY_PARENT) values ('102','2021-05-10 22:42','amindenit','16','56','95');
Insert into ADATB.VELEMENY (ID,DATUM,HOZZASZOLAS_SZOVEG,FELHASZNALOID,KEPID,VELEMENY_PARENT) values ('105','2021-05-10 22:42','Nekem is kell ilyen cica!','16','52',null);
Insert into ADATB.VELEMENY (ID,DATUM,HOZZASZOLAS_SZOVEG,FELHASZNALOID,KEPID,VELEMENY_PARENT) values ('121','2021-05-10 22:47','szép','112','70',null);
Insert into ADATB.VELEMENY (ID,DATUM,HOZZASZOLAS_SZOVEG,FELHASZNALOID,KEPID,VELEMENY_PARENT) values ('157','2021-05-10 22:49','Félek a rókáktól!','112','52',null);
Insert into ADATB.VELEMENY (ID,DATUM,HOZZASZOLAS_SZOVEG,FELHASZNALOID,KEPID,VELEMENY_PARENT) values ('165','2021-05-10 22:50','Az a hajó ahhw','112','56',null);
Insert into ADATB.VELEMENY (ID,DATUM,HOZZASZOLAS_SZOVEG,FELHASZNALOID,KEPID,VELEMENY_PARENT) values ('218','2021-05-10 22:55','nice','27','170',null);
Insert into ADATB.VELEMENY (ID,DATUM,HOZZASZOLAS_SZOVEG,FELHASZNALOID,KEPID,VELEMENY_PARENT) values ('228','2021-05-10 22:56','mennyivel megy?','27','71',null);
Insert into ADATB.VELEMENY (ID,DATUM,HOZZASZOLAS_SZOVEG,FELHASZNALOID,KEPID,VELEMENY_PARENT) values ('232','2021-05-10 22:56','Szép kerekek','27','71',null);
Insert into ADATB.VELEMENY (ID,DATUM,HOZZASZOLAS_SZOVEG,FELHASZNALOID,KEPID,VELEMENY_PARENT) values ('248','2021-05-10 22:57','én is','27','52','157');
Insert into ADATB.VELEMENY (ID,DATUM,HOZZASZOLAS_SZOVEG,FELHASZNALOID,KEPID,VELEMENY_PARENT) values ('279','2021-05-10 23:02','Aztán meg jön a válás','30','255',null);
Insert into ADATB.VELEMENY (ID,DATUM,HOZZASZOLAS_SZOVEG,FELHASZNALOID,KEPID,VELEMENY_PARENT) values ('295','2021-05-10 23:06','na igen','30','188',null);
Insert into ADATB.VELEMENY (ID,DATUM,HOZZASZOLAS_SZOVEG,FELHASZNALOID,KEPID,VELEMENY_PARENT) values ('297','2021-05-10 23:06','hmm?','30','188',null);
Insert into ADATB.VELEMENY (ID,DATUM,HOZZASZOLAS_SZOVEG,FELHASZNALOID,KEPID,VELEMENY_PARENT) values ('301','2021-05-10 23:07','Cukik <3 ','30','184',null);
Insert into ADATB.VELEMENY (ID,DATUM,HOZZASZOLAS_SZOVEG,FELHASZNALOID,KEPID,VELEMENY_PARENT) values ('339','2021-05-10 23:13','XD szóvicc','38','188',null);
Insert into ADATB.VELEMENY (ID,DATUM,HOZZASZOLAS_SZOVEG,FELHASZNALOID,KEPID,VELEMENY_PARENT) values ('114','2021-05-10 22:46','Szépvagy ...','112','71',null);
Insert into ADATB.VELEMENY (ID,DATUM,HOZZASZOLAS_SZOVEG,FELHASZNALOID,KEPID,VELEMENY_PARENT) values ('123','2021-05-10 22:47','ez hol van?','112','70',null);
Insert into ADATB.VELEMENY (ID,DATUM,HOZZASZOLAS_SZOVEG,FELHASZNALOID,KEPID,VELEMENY_PARENT) values ('128','2021-05-10 22:47','Receptet elkérhgetem?','112','66',null);
Insert into ADATB.VELEMENY (ID,DATUM,HOZZASZOLAS_SZOVEG,FELHASZNALOID,KEPID,VELEMENY_PARENT) values ('144','2021-05-10 22:48','Énis LUL','112','63','81');
Insert into ADATB.VELEMENY (ID,DATUM,HOZZASZOLAS_SZOVEG,FELHASZNALOID,KEPID,VELEMENY_PARENT) values ('152','2021-05-10 22:49','nekem is bejön','112','60','89');
Insert into ADATB.VELEMENY (ID,DATUM,HOZZASZOLAS_SZOVEG,FELHASZNALOID,KEPID,VELEMENY_PARENT) values ('160','2021-05-10 22:50','ez nem cica te butus!','112','52','105');
Insert into ADATB.VELEMENY (ID,DATUM,HOZZASZOLAS_SZOVEG,FELHASZNALOID,KEPID,VELEMENY_PARENT) values ('192','2021-05-10 22:53','Nagyon :))))))','27','188',null);
Insert into ADATB.VELEMENY (ID,DATUM,HOZZASZOLAS_SZOVEG,FELHASZNALOID,KEPID,VELEMENY_PARENT) values ('194','2021-05-10 22:54','Szép pap-lan','27','188',null);
Insert into ADATB.VELEMENY (ID,DATUM,HOZZASZOLAS_SZOVEG,FELHASZNALOID,KEPID,VELEMENY_PARENT) values ('210','2021-05-10 22:54','Szép kollázs!','27','176',null);
Insert into ADATB.VELEMENY (ID,DATUM,HOZZASZOLAS_SZOVEG,FELHASZNALOID,KEPID,VELEMENY_PARENT) values ('213','2021-05-10 22:55','1000 képet láttam már ami hasonló... uncsi','27','174',null);
Insert into ADATB.VELEMENY (ID,DATUM,HOZZASZOLAS_SZOVEG,FELHASZNALOID,KEPID,VELEMENY_PARENT) values ('224','2021-05-10 22:55','iligy vagy','27','71','114');
Insert into ADATB.VELEMENY (ID,DATUM,HOZZASZOLAS_SZOVEG,FELHASZNALOID,KEPID,VELEMENY_PARENT) values ('230','2021-05-10 22:56','hmmm','27','71',null);
Insert into ADATB.VELEMENY (ID,DATUM,HOZZASZOLAS_SZOVEG,FELHASZNALOID,KEPID,VELEMENY_PARENT) values ('269','2021-05-10 23:01','AHHW elviszel majd?','30','257',null);
Insert into ADATB.VELEMENY (ID,DATUM,HOZZASZOLAS_SZOVEG,FELHASZNALOID,KEPID,VELEMENY_PARENT) values ('306','2021-05-10 23:07','A Nap éppen lement','30','291',null);
Insert into ADATB.VELEMENY (ID,DATUM,HOZZASZOLAS_SZOVEG,FELHASZNALOID,KEPID,VELEMENY_PARENT) values ('328','2021-05-10 23:12','nagyon szép','38','318',null);
Insert into ADATB.VELEMENY (ID,DATUM,HOZZASZOLAS_SZOVEG,FELHASZNALOID,KEPID,VELEMENY_PARENT) values ('356','2021-05-10 23:19','Nagyon toxi cicus vagy :3 ','23','342',null);
Insert into ADATB.VELEMENY (ID,DATUM,HOZZASZOLAS_SZOVEG,FELHASZNALOID,KEPID,VELEMENY_PARENT) values ('384','2021-05-10 23:20','szerintem gagyi','23','318','328');
Insert into ADATB.VELEMENY (ID,DATUM,HOZZASZOLAS_SZOVEG,FELHASZNALOID,KEPID,VELEMENY_PARENT) values ('149','2021-05-10 22:49','Jó magas!!!4!!!!','112','60',null);
Insert into ADATB.VELEMENY (ID,DATUM,HOZZASZOLAS_SZOVEG,FELHASZNALOID,KEPID,VELEMENY_PARENT) values ('234','2021-05-10 22:56','Nekem apa fordot vett','27','71',null);
Insert into ADATB.VELEMENY (ID,DATUM,HOZZASZOLAS_SZOVEG,FELHASZNALOID,KEPID,VELEMENY_PARENT) values ('238','2021-05-10 22:57','hát eléggé','27','70','125');
Insert into ADATB.VELEMENY (ID,DATUM,HOZZASZOLAS_SZOVEG,FELHASZNALOID,KEPID,VELEMENY_PARENT) values ('242','2021-05-10 22:57','Mennyi fertőzési lehetőség','27','70',null);
Insert into ADATB.VELEMENY (ID,DATUM,HOZZASZOLAS_SZOVEG,FELHASZNALOID,KEPID,VELEMENY_PARENT) values ('250','2021-05-10 22:58','Nem harap?','27','52',null);
Insert into ADATB.VELEMENY (ID,DATUM,HOZZASZOLAS_SZOVEG,FELHASZNALOID,KEPID,VELEMENY_PARENT) values ('274','2021-05-10 23:02','NEM SZABAD!!!!!444','30','256',null);
Insert into ADATB.VELEMENY (ID,DATUM,HOZZASZOLAS_SZOVEG,FELHASZNALOID,KEPID,VELEMENY_PARENT) values ('334','2021-05-10 23:12','ez nem a Balaton xd','38','291',null);
Insert into ADATB.VELEMENY (ID,DATUM,HOZZASZOLAS_SZOVEG,FELHASZNALOID,KEPID,VELEMENY_PARENT) values ('353','2021-05-10 23:18','a balaton nem látezik balatontagadok.hu','44','291','334');
Insert into ADATB.VELEMENY (ID,DATUM,HOZZASZOLAS_SZOVEG,FELHASZNALOID,KEPID,VELEMENY_PARENT) values ('366','2021-05-10 23:19','Ez cement?','23','324',null);
Insert into ADATB.VELEMENY (ID,DATUM,HOZZASZOLAS_SZOVEG,FELHASZNALOID,KEPID,VELEMENY_PARENT) values ('378','2021-05-10 23:20','Ezek lómaiak te buta','23','316',null);
Insert into ADATB.VELEMENY (ID,DATUM,HOZZASZOLAS_SZOVEG,FELHASZNALOID,KEPID,VELEMENY_PARENT) values ('75','2021-05-10 22:40','Mennyire szép abrosz!','16','64',null);
Insert into ADATB.VELEMENY (ID,DATUM,HOZZASZOLAS_SZOVEG,FELHASZNALOID,KEPID,VELEMENY_PARENT) values ('95','2021-05-10 22:42','sok a hal?','16','56',null);
Insert into ADATB.VELEMENY (ID,DATUM,HOZZASZOLAS_SZOVEG,FELHASZNALOID,KEPID,VELEMENY_PARENT) values ('125','2021-05-10 22:47','nagy domb','112','70',null);
Insert into ADATB.VELEMENY (ID,DATUM,HOZZASZOLAS_SZOVEG,FELHASZNALOID,KEPID,VELEMENY_PARENT) values ('133','2021-05-10 22:48','Az a lámpa ahhw','112','64',null);
Insert into ADATB.VELEMENY (ID,DATUM,HOZZASZOLAS_SZOVEG,FELHASZNALOID,KEPID,VELEMENY_PARENT) values ('138','2021-05-10 22:48','Cápa van?','112','63',null);
Insert into ADATB.VELEMENY (ID,DATUM,HOZZASZOLAS_SZOVEG,FELHASZNALOID,KEPID,VELEMENY_PARENT) values ('141','2021-05-10 22:48','gondolom sokba...','112','63','83');
Insert into ADATB.VELEMENY (ID,DATUM,HOZZASZOLAS_SZOVEG,FELHASZNALOID,KEPID,VELEMENY_PARENT) values ('197','2021-05-10 22:54','ÚÚRRISTTEENNNN','27','184',null);
Insert into ADATB.VELEMENY (ID,DATUM,HOZZASZOLAS_SZOVEG,FELHASZNALOID,KEPID,VELEMENY_PARENT) values ('202','2021-05-10 22:54','JELENTETTEM!!!','27','180',null);
Insert into ADATB.VELEMENY (ID,DATUM,HOZZASZOLAS_SZOVEG,FELHASZNALOID,KEPID,VELEMENY_PARENT) values ('264','2021-05-10 23:01','Szép','30','260',null);
Insert into ADATB.VELEMENY (ID,DATUM,HOZZASZOLAS_SZOVEG,FELHASZNALOID,KEPID,VELEMENY_PARENT) values ('313','2021-05-10 23:08','EZ RASSZISTA','34','289',null);
Insert into ADATB.VELEMENY (ID,DATUM,HOZZASZOLAS_SZOVEG,FELHASZNALOID,KEPID,VELEMENY_PARENT) values ('350','2021-05-10 23:18','akkor mi','44','291','334');
Insert into ADATB.VELEMENY (ID,DATUM,HOZZASZOLAS_SZOVEG,FELHASZNALOID,KEPID,VELEMENY_PARENT) values ('89','2021-05-10 22:41','Szép!','16','60',null);
Insert into ADATB.VELEMENY (ID,DATUM,HOZZASZOLAS_SZOVEG,FELHASZNALOID,KEPID,VELEMENY_PARENT) values ('361','2021-05-10 23:19','Nagyon finom lehet','23','332',null);
--------------------------------------------------------
--  DDL for Index UK_BSUBPH3LNXEWFQEMXTYFBL3QR
--------------------------------------------------------

  CREATE UNIQUE INDEX "ADATB"."UK_BSUBPH3LNXEWFQEMXTYFBL3QR" ON "ADATB"."ORSZAG" ("MEGNEVEZES") 
  PCTFREE 10 INITRANS 2 MAXTRANS 255 COMPUTE STATISTICS 
  STORAGE(INITIAL 65536 NEXT 1048576 MINEXTENTS 1 MAXEXTENTS 2147483645
  PCTINCREASE 0 FREELISTS 1 FREELIST GROUPS 1
  BUFFER_POOL DEFAULT FLASH_CACHE DEFAULT CELL_FLASH_CACHE DEFAULT)
  TABLESPACE "USERS" ;
--------------------------------------------------------
--  DDL for Index UK8ANGSDNIJ0JBBIOVRVI1LS77M
--------------------------------------------------------

  CREATE UNIQUE INDEX "ADATB"."UK8ANGSDNIJ0JBBIOVRVI1LS77M" ON "ADATB"."FELHASZNALO" ("EMAIL") 
  PCTFREE 10 INITRANS 2 MAXTRANS 255 COMPUTE STATISTICS 
  STORAGE(INITIAL 65536 NEXT 1048576 MINEXTENTS 1 MAXEXTENTS 2147483645
  PCTINCREASE 0 FREELISTS 1 FREELIST GROUPS 1
  BUFFER_POOL DEFAULT FLASH_CACHE DEFAULT CELL_FLASH_CACHE DEFAULT)
  TABLESPACE "USERS" ;
--------------------------------------------------------
--  DDL for Index UK_RNPVKOC2J6XKHFFGME1NG00I
--------------------------------------------------------

  CREATE UNIQUE INDEX "ADATB"."UK_RNPVKOC2J6XKHFFGME1NG00I" ON "ADATB"."KATEGORIA" ("LEIRAS") 
  PCTFREE 10 INITRANS 2 MAXTRANS 255 COMPUTE STATISTICS 
  STORAGE(INITIAL 65536 NEXT 1048576 MINEXTENTS 1 MAXEXTENTS 2147483645
  PCTINCREASE 0 FREELISTS 1 FREELIST GROUPS 1
  BUFFER_POOL DEFAULT FLASH_CACHE DEFAULT CELL_FLASH_CACHE DEFAULT)
  TABLESPACE "USERS" ;
--------------------------------------------------------
--  DDL for Index UK_4KDSKU147D2O7E8PFTDY14NX1
--------------------------------------------------------

  CREATE UNIQUE INDEX "ADATB"."UK_4KDSKU147D2O7E8PFTDY14NX1" ON "ADATB"."KATEGORIA" ("MEGNEVEZES") 
  PCTFREE 10 INITRANS 2 MAXTRANS 255 COMPUTE STATISTICS 
  STORAGE(INITIAL 65536 NEXT 1048576 MINEXTENTS 1 MAXEXTENTS 2147483645
  PCTINCREASE 0 FREELISTS 1 FREELIST GROUPS 1
  BUFFER_POOL DEFAULT FLASH_CACHE DEFAULT CELL_FLASH_CACHE DEFAULT)
  TABLESPACE "USERS" ;
--------------------------------------------------------
--  DDL for Trigger DEL_FELHASZNALO
--------------------------------------------------------

  CREATE OR REPLACE EDITIONABLE TRIGGER "ADATB"."DEL_FELHASZNALO" 
BEFORE DELETE
ON Felhasznalo
FOR EACH ROW
BEGIN
    DELETE Kep WHERE Kep.felhasznaloid = :OLD.Id; -- Ez minden a képpel kapcsolatos dolgot is töröl majd
    DELETE Velemeny WHERE Velemeny.felhasznaloid = :OLD.Id; -- Ez minden a véleménnyel kapcsolatos dolgot is töröl majd
    DELETE Ertekeles WHERE Ertekeles.felhasznaloid = :OLD.Id;
    -- DELETE Topic WHERE Topic.felhasznaloid = :OLD.Id; -- Ez törli a Topichoz tartozó hozzászólásokat, ami meg majd törli az azokra érkezett válaszokat
    --DELETE ForumHozzaszolas WHERE ForumHozzaszolas.felhasznaloid = :OLD.Id; -- Ez törli a hozzászólásra érkezett válaszokat is
    --DELETE ForumHozzaszolasValasz WHERE ForumHozzaszolasValasz.felhasznaloid = :OLD.Id;
   -- DELETE MegtekintettKepek WHERE MegtekintettKepek.felhasznaloid = :OLD.Id;
   -- DELETE Palyazat WHERE Palyazat.felhasznaloid = :OLD.Id; -- Ez törli a PalyazatKep-ből az adott pályázathoz tartozó képeket, de a Kep-ben megmarad a kép
   -- DELETE PalyazatKepSzavazatok WHERE PalyazatKepSzavazatok.felhasznaloid = :OLD.Id;
    DELETE Report WHERE Report.felhasznalo_id = :OLD.Id;
END;

/
ALTER TRIGGER "ADATB"."DEL_FELHASZNALO" ENABLE;
--------------------------------------------------------
--  DDL for Trigger DEL_KATEGORIA
--------------------------------------------------------

  CREATE OR REPLACE EDITIONABLE TRIGGER "ADATB"."DEL_KATEGORIA" 
BEFORE DELETE
ON Kategoria
FOR EACH ROW
BEGIN
    UPDATE Kep SET kategoriaid = 0 WHERE kategoriaid = :OLD.Id;
END;

/
ALTER TRIGGER "ADATB"."DEL_KATEGORIA" ENABLE;
--------------------------------------------------------
--  DDL for Trigger DEL_KEP
--------------------------------------------------------

  CREATE OR REPLACE EDITIONABLE TRIGGER "ADATB"."DEL_KEP" 
BEFORE DELETE
ON Kep
FOR EACH ROW
BEGIN
    DELETE Report WHERE Report.kep_id = :OLD.Id;
    --DELETE PalyazatKep WHERE PalyazatKep.kepid = :OLD.Id ;-- ez törli majd a szavazatokat is
    --DELETE MegtekintettKepek WHERE MegtekintettKepek.kepid = :OLD.Id; -- itt talán updatelni
    DELETE Ertekeles WHERE Ertekeles.kepid = :OLD.Id;
    DELETE Velemeny WHERE Velemeny.kepid = :OLD.Id; -- ez törli majd a Véleményekre érkezett válaszokat is
END;

/
ALTER TRIGGER "ADATB"."DEL_KEP" ENABLE;
--------------------------------------------------------
--  DDL for Trigger DEL_MEGYE
--------------------------------------------------------

  CREATE OR REPLACE EDITIONABLE TRIGGER "ADATB"."DEL_MEGYE" 
BEFORE DELETE
ON Megye
FOR EACH ROW
BEGIN
    UPDATE Varos SET megyeid = 0 WHERE megyeid = :OLD.Id;
END;

/
ALTER TRIGGER "ADATB"."DEL_MEGYE" ENABLE;
--------------------------------------------------------
--  DDL for Trigger DEL_ORSZAG
--------------------------------------------------------

  CREATE OR REPLACE EDITIONABLE TRIGGER "ADATB"."DEL_ORSZAG" 
BEFORE DELETE
ON Orszag
FOR EACH ROW
BEGIN
    UPDATE Megye SET orszagid = 0 WHERE orszagid = :OLD.Id;
END;

/
ALTER TRIGGER "ADATB"."DEL_ORSZAG" ENABLE;
--------------------------------------------------------
--  DDL for Trigger DEL_VAROS
--------------------------------------------------------

  CREATE OR REPLACE EDITIONABLE TRIGGER "ADATB"."DEL_VAROS" 
BEFORE DELETE
ON Varos
FOR EACH ROW
BEGIN
    UPDATE Felhasznalo SET varos_id = 0 WHERE varos_id = :OLD.Id;
    UPDATE Kep SET varos_id = 0 WHERE varos_id = :OLD.Id;
END;

/
ALTER TRIGGER "ADATB"."DEL_VAROS" ENABLE;
--------------------------------------------------------
--  DDL for Procedure UJ_FELHASZNALO
--------------------------------------------------------
set define off;

  CREATE OR REPLACE EDITIONABLE PROCEDURE "ADATB"."UJ_FELHASZNALO" (
    felhid IN Felhasznalo.Id%type,
    felhnev IN Felhasznalo.felhasznalo_nev%TYPE,
    pw IN Felhasznalo.jelszo%TYPE,
    jog IN Felhasznalo.jogosultsag%TYPE,
    mail IN Felhasznalo.email%TYPE,
    lakcim IN Felhasznalo.varos_id%TYPE,
    tel IN Felhasznalo.telefonszam%TYPE,
    vnev IN Felhasznalo.vezetek_nev%TYPE,
    knev IN Felhasznalo.kereszt_nev%TYPE
)
IS
    CURSOR emails IS SELECT email FROM Felhasznalo;
BEGIN
    FOR e IN emails
    LOOP
        IF e.email = mail THEN
            RAISE_APPLICATION_ERROR(-20111, 'Már van ilyen email az adatbázisban!');
        END IF;
    END LOOP;
    INSERT INTO Felhasznalo VALUES (felhid, mail, felhnev, pw, jog, knev, tel, vnev, lakcim);   
END;

/
--------------------------------------------------------
--  DDL for Procedure UJ_KATEGORIA
--------------------------------------------------------
set define off;

  CREATE OR REPLACE EDITIONABLE PROCEDURE "ADATB"."UJ_KATEGORIA" (
    katid IN kategoria.id%type,
    megnev IN kategoria.megnevezes%TYPE,
    leir IN kategoria.leiras%TYPE DEFAULT '-'
)
IS
    CURSOR knev IS SELECT megnevezes FROM Kategoria;
BEGIN
    FOR i IN knev
    LOOP
        IF i.megnevezes = megnev THEN
            RAISE_APPLICATION_ERROR('-20112', 'Már van ilyen kategória!');
        END IF;
    END LOOP;

    INSERT INTO Kategoria VALUES (katid, megnev, leir);
END;

/
--------------------------------------------------------
--  DDL for Procedure UJ_REPORT
--------------------------------------------------------
set define off;

  CREATE OR REPLACE EDITIONABLE PROCEDURE "ADATB"."UJ_REPORT" (
    rid IN Report.id%type,
    fid IN Report.felhasznalo_id%TYPE,
    kid IN Report.kep_id%TYPE,
    indok IN Report.indok%TYPE DEFAULT 'Nem teccccciiikk!!',
    ok IN Report.ok%type DEFAULT 'NSFW'
)
IS 
    CURSOR ellenorzes IS SELECT felhasznalo_id, kep_id FROM Report;
BEGIN
    FOR r IN ellenorzes
    LOOP
        IF r.felhasznalo_id = fid AND r.kep_id = kid THEN
            RAISE_APPLICATION_ERROR(-20114, 'Ezt a képet már reportolta a megadott felhasználó!');
        END IF;
    END LOOP;
    INSERT INTO Report VALUES (rid, indok, ok, fid, kid);
END;

/
--------------------------------------------------------
--  Constraints for Table VELEMENY
--------------------------------------------------------

  ALTER TABLE "ADATB"."VELEMENY" ADD PRIMARY KEY ("ID")
  USING INDEX PCTFREE 10 INITRANS 2 MAXTRANS 255 
  STORAGE(INITIAL 65536 NEXT 1048576 MINEXTENTS 1 MAXEXTENTS 2147483645
  PCTINCREASE 0 FREELISTS 1 FREELIST GROUPS 1
  BUFFER_POOL DEFAULT FLASH_CACHE DEFAULT CELL_FLASH_CACHE DEFAULT)
  TABLESPACE "USERS"  ENABLE;
  ALTER TABLE "ADATB"."VELEMENY" MODIFY ("KEPID" NOT NULL ENABLE);
  ALTER TABLE "ADATB"."VELEMENY" MODIFY ("ID" NOT NULL ENABLE);
--------------------------------------------------------
--  Constraints for Table KATEGORIA
--------------------------------------------------------

  ALTER TABLE "ADATB"."KATEGORIA" ADD CONSTRAINT "UK_4KDSKU147D2O7E8PFTDY14NX1" UNIQUE ("MEGNEVEZES")
  USING INDEX PCTFREE 10 INITRANS 2 MAXTRANS 255 COMPUTE STATISTICS 
  STORAGE(INITIAL 65536 NEXT 1048576 MINEXTENTS 1 MAXEXTENTS 2147483645
  PCTINCREASE 0 FREELISTS 1 FREELIST GROUPS 1
  BUFFER_POOL DEFAULT FLASH_CACHE DEFAULT CELL_FLASH_CACHE DEFAULT)
  TABLESPACE "USERS"  ENABLE;
  ALTER TABLE "ADATB"."KATEGORIA" ADD CONSTRAINT "UK_RNPVKOC2J6XKHFFGME1NG00I" UNIQUE ("LEIRAS")
  USING INDEX PCTFREE 10 INITRANS 2 MAXTRANS 255 COMPUTE STATISTICS 
  STORAGE(INITIAL 65536 NEXT 1048576 MINEXTENTS 1 MAXEXTENTS 2147483645
  PCTINCREASE 0 FREELISTS 1 FREELIST GROUPS 1
  BUFFER_POOL DEFAULT FLASH_CACHE DEFAULT CELL_FLASH_CACHE DEFAULT)
  TABLESPACE "USERS"  ENABLE;
  ALTER TABLE "ADATB"."KATEGORIA" ADD PRIMARY KEY ("ID")
  USING INDEX PCTFREE 10 INITRANS 2 MAXTRANS 255 
  STORAGE(INITIAL 65536 NEXT 1048576 MINEXTENTS 1 MAXEXTENTS 2147483645
  PCTINCREASE 0 FREELISTS 1 FREELIST GROUPS 1
  BUFFER_POOL DEFAULT FLASH_CACHE DEFAULT CELL_FLASH_CACHE DEFAULT)
  TABLESPACE "USERS"  ENABLE;
  ALTER TABLE "ADATB"."KATEGORIA" MODIFY ("ID" NOT NULL ENABLE);
--------------------------------------------------------
--  Constraints for Table ORSZAG
--------------------------------------------------------

  ALTER TABLE "ADATB"."ORSZAG" ADD CONSTRAINT "UK_BSUBPH3LNXEWFQEMXTYFBL3QR" UNIQUE ("MEGNEVEZES")
  USING INDEX PCTFREE 10 INITRANS 2 MAXTRANS 255 COMPUTE STATISTICS 
  STORAGE(INITIAL 65536 NEXT 1048576 MINEXTENTS 1 MAXEXTENTS 2147483645
  PCTINCREASE 0 FREELISTS 1 FREELIST GROUPS 1
  BUFFER_POOL DEFAULT FLASH_CACHE DEFAULT CELL_FLASH_CACHE DEFAULT)
  TABLESPACE "USERS"  ENABLE;
  ALTER TABLE "ADATB"."ORSZAG" ADD PRIMARY KEY ("ID")
  USING INDEX PCTFREE 10 INITRANS 2 MAXTRANS 255 
  STORAGE(INITIAL 65536 NEXT 1048576 MINEXTENTS 1 MAXEXTENTS 2147483645
  PCTINCREASE 0 FREELISTS 1 FREELIST GROUPS 1
  BUFFER_POOL DEFAULT FLASH_CACHE DEFAULT CELL_FLASH_CACHE DEFAULT)
  TABLESPACE "USERS"  ENABLE;
  ALTER TABLE "ADATB"."ORSZAG" MODIFY ("ID" NOT NULL ENABLE);
--------------------------------------------------------
--  Constraints for Table KEP
--------------------------------------------------------

  ALTER TABLE "ADATB"."KEP" ADD PRIMARY KEY ("ID")
  USING INDEX PCTFREE 10 INITRANS 2 MAXTRANS 255 
  STORAGE(INITIAL 65536 NEXT 1048576 MINEXTENTS 1 MAXEXTENTS 2147483645
  PCTINCREASE 0 FREELISTS 1 FREELIST GROUPS 1
  BUFFER_POOL DEFAULT FLASH_CACHE DEFAULT CELL_FLASH_CACHE DEFAULT)
  TABLESPACE "USERS"  ENABLE;
  ALTER TABLE "ADATB"."KEP" MODIFY ("KATEGORIAID" NOT NULL ENABLE);
  ALTER TABLE "ADATB"."KEP" MODIFY ("ID" NOT NULL ENABLE);
--------------------------------------------------------
--  Constraints for Table MEGYE
--------------------------------------------------------

  ALTER TABLE "ADATB"."MEGYE" ADD PRIMARY KEY ("ID")
  USING INDEX PCTFREE 10 INITRANS 2 MAXTRANS 255 
  STORAGE(INITIAL 65536 NEXT 1048576 MINEXTENTS 1 MAXEXTENTS 2147483645
  PCTINCREASE 0 FREELISTS 1 FREELIST GROUPS 1
  BUFFER_POOL DEFAULT FLASH_CACHE DEFAULT CELL_FLASH_CACHE DEFAULT)
  TABLESPACE "USERS"  ENABLE;
  ALTER TABLE "ADATB"."MEGYE" MODIFY ("ORSZAGID" NOT NULL ENABLE);
  ALTER TABLE "ADATB"."MEGYE" MODIFY ("ID" NOT NULL ENABLE);
--------------------------------------------------------
--  Constraints for Table REPORT
--------------------------------------------------------

  ALTER TABLE "ADATB"."REPORT" ADD PRIMARY KEY ("ID")
  USING INDEX PCTFREE 10 INITRANS 2 MAXTRANS 255 
  STORAGE(INITIAL 65536 NEXT 1048576 MINEXTENTS 1 MAXEXTENTS 2147483645
  PCTINCREASE 0 FREELISTS 1 FREELIST GROUPS 1
  BUFFER_POOL DEFAULT FLASH_CACHE DEFAULT CELL_FLASH_CACHE DEFAULT)
  TABLESPACE "USERS"  ENABLE;
  ALTER TABLE "ADATB"."REPORT" MODIFY ("ID" NOT NULL ENABLE);
--------------------------------------------------------
--  Constraints for Table MEGTEKINTETTKEPEK
--------------------------------------------------------

  ALTER TABLE "ADATB"."MEGTEKINTETTKEPEK" ADD PRIMARY KEY ("ID")
  USING INDEX PCTFREE 10 INITRANS 2 MAXTRANS 255 
  STORAGE(INITIAL 65536 NEXT 1048576 MINEXTENTS 1 MAXEXTENTS 2147483645
  PCTINCREASE 0 FREELISTS 1 FREELIST GROUPS 1
  BUFFER_POOL DEFAULT FLASH_CACHE DEFAULT CELL_FLASH_CACHE DEFAULT)
  TABLESPACE "USERS"  ENABLE;
  ALTER TABLE "ADATB"."MEGTEKINTETTKEPEK" MODIFY ("ID" NOT NULL ENABLE);
--------------------------------------------------------
--  Constraints for Table FELHASZNALO
--------------------------------------------------------

  ALTER TABLE "ADATB"."FELHASZNALO" ADD CONSTRAINT "UK8ANGSDNIJ0JBBIOVRVI1LS77M" UNIQUE ("EMAIL")
  USING INDEX PCTFREE 10 INITRANS 2 MAXTRANS 255 COMPUTE STATISTICS 
  STORAGE(INITIAL 65536 NEXT 1048576 MINEXTENTS 1 MAXEXTENTS 2147483645
  PCTINCREASE 0 FREELISTS 1 FREELIST GROUPS 1
  BUFFER_POOL DEFAULT FLASH_CACHE DEFAULT CELL_FLASH_CACHE DEFAULT)
  TABLESPACE "USERS"  ENABLE;
  ALTER TABLE "ADATB"."FELHASZNALO" ADD PRIMARY KEY ("ID")
  USING INDEX PCTFREE 10 INITRANS 2 MAXTRANS 255 
  STORAGE(INITIAL 65536 NEXT 1048576 MINEXTENTS 1 MAXEXTENTS 2147483645
  PCTINCREASE 0 FREELISTS 1 FREELIST GROUPS 1
  BUFFER_POOL DEFAULT FLASH_CACHE DEFAULT CELL_FLASH_CACHE DEFAULT)
  TABLESPACE "USERS"  ENABLE;
  ALTER TABLE "ADATB"."FELHASZNALO" MODIFY ("ID" NOT NULL ENABLE);
--------------------------------------------------------
--  Constraints for Table ERTEKELES
--------------------------------------------------------

  ALTER TABLE "ADATB"."ERTEKELES" ADD PRIMARY KEY ("ID")
  USING INDEX PCTFREE 10 INITRANS 2 MAXTRANS 255 
  STORAGE(INITIAL 65536 NEXT 1048576 MINEXTENTS 1 MAXEXTENTS 2147483645
  PCTINCREASE 0 FREELISTS 1 FREELIST GROUPS 1
  BUFFER_POOL DEFAULT FLASH_CACHE DEFAULT CELL_FLASH_CACHE DEFAULT)
  TABLESPACE "USERS"  ENABLE;
  ALTER TABLE "ADATB"."ERTEKELES" MODIFY ("KEPID" NOT NULL ENABLE);
  ALTER TABLE "ADATB"."ERTEKELES" MODIFY ("ERTEKELES" NOT NULL ENABLE);
  ALTER TABLE "ADATB"."ERTEKELES" MODIFY ("ID" NOT NULL ENABLE);
--------------------------------------------------------
--  Constraints for Table VAROS
--------------------------------------------------------

  ALTER TABLE "ADATB"."VAROS" ADD PRIMARY KEY ("ID")
  USING INDEX PCTFREE 10 INITRANS 2 MAXTRANS 255 
  STORAGE(INITIAL 65536 NEXT 1048576 MINEXTENTS 1 MAXEXTENTS 2147483645
  PCTINCREASE 0 FREELISTS 1 FREELIST GROUPS 1
  BUFFER_POOL DEFAULT FLASH_CACHE DEFAULT CELL_FLASH_CACHE DEFAULT)
  TABLESPACE "USERS"  ENABLE;
  ALTER TABLE "ADATB"."VAROS" MODIFY ("MEGYEID" NOT NULL ENABLE);
  ALTER TABLE "ADATB"."VAROS" MODIFY ("ID" NOT NULL ENABLE);
--------------------------------------------------------
--  Ref Constraints for Table ERTEKELES
--------------------------------------------------------

  ALTER TABLE "ADATB"."ERTEKELES" ADD CONSTRAINT "FK87DBAK1MD5OVJ50RVD13KDVKF" FOREIGN KEY ("KEPID")
	  REFERENCES "ADATB"."KEP" ("ID") ENABLE;
  ALTER TABLE "ADATB"."ERTEKELES" ADD CONSTRAINT "FKA0NUR5UVBHLFW666QVB8X90ME" FOREIGN KEY ("FELHASZNALOID")
	  REFERENCES "ADATB"."FELHASZNALO" ("ID") ENABLE;
--------------------------------------------------------
--  Ref Constraints for Table FELHASZNALO
--------------------------------------------------------

  ALTER TABLE "ADATB"."FELHASZNALO" ADD CONSTRAINT "FKEXTL81ETM79JI6XVQTP75TXKV" FOREIGN KEY ("VAROS_ID")
	  REFERENCES "ADATB"."VAROS" ("ID") ENABLE;
--------------------------------------------------------
--  Ref Constraints for Table KEP
--------------------------------------------------------

  ALTER TABLE "ADATB"."KEP" ADD CONSTRAINT "FK11M0TBL2F577S01BVQEUWX9J3" FOREIGN KEY ("KATEGORIAID")
	  REFERENCES "ADATB"."KATEGORIA" ("ID") ENABLE;
  ALTER TABLE "ADATB"."KEP" ADD CONSTRAINT "FK86QTCX0LLEO0TMFD8AJMPXCTC" FOREIGN KEY ("FELHASZNALOID")
	  REFERENCES "ADATB"."FELHASZNALO" ("ID") ENABLE;
  ALTER TABLE "ADATB"."KEP" ADD CONSTRAINT "FKOM33YMBYH6TJNULV05W62CRUY" FOREIGN KEY ("VAROS_ID")
	  REFERENCES "ADATB"."VAROS" ("ID") ENABLE;
--------------------------------------------------------
--  Ref Constraints for Table MEGYE
--------------------------------------------------------

  ALTER TABLE "ADATB"."MEGYE" ADD CONSTRAINT "FKO01X91FCTV7JEA10XML219OQ" FOREIGN KEY ("ORSZAGID")
	  REFERENCES "ADATB"."ORSZAG" ("ID") ENABLE;
--------------------------------------------------------
--  Ref Constraints for Table REPORT
--------------------------------------------------------

  ALTER TABLE "ADATB"."REPORT" ADD CONSTRAINT "FK78G7GS9RWUXMI8Q39RPGX8AWI" FOREIGN KEY ("KEP_ID")
	  REFERENCES "ADATB"."KEP" ("ID") ENABLE;
  ALTER TABLE "ADATB"."REPORT" ADD CONSTRAINT "FKPL2GWGTLJR4EYFDKWEMO95OR4" FOREIGN KEY ("FELHASZNALO_ID")
	  REFERENCES "ADATB"."FELHASZNALO" ("ID") ENABLE;
--------------------------------------------------------
--  Ref Constraints for Table VAROS
--------------------------------------------------------

  ALTER TABLE "ADATB"."VAROS" ADD CONSTRAINT "FK6WMOY57UJ2T82JXQ4E05I5OIR" FOREIGN KEY ("MEGYEID")
	  REFERENCES "ADATB"."MEGYE" ("ID") ENABLE;
--------------------------------------------------------
--  Ref Constraints for Table VELEMENY
--------------------------------------------------------

  ALTER TABLE "ADATB"."VELEMENY" ADD CONSTRAINT "FK21G4WLK0APA81D86D43KFFIVO" FOREIGN KEY ("KEPID")
	  REFERENCES "ADATB"."KEP" ("ID") ENABLE;
  ALTER TABLE "ADATB"."VELEMENY" ADD CONSTRAINT "FK7909VCFJULNINCBMC8Y9XFYYA" FOREIGN KEY ("FELHASZNALOID")
	  REFERENCES "ADATB"."FELHASZNALO" ("ID") ENABLE;
  ALTER TABLE "ADATB"."VELEMENY" ADD CONSTRAINT "FKOTMCOIGSIXMGTIHG8LM0VAJJY" FOREIGN KEY ("VELEMENY_PARENT")
	  REFERENCES "ADATB"."VELEMENY" ("ID") ENABLE;
